sep=,
"Time","dt_sound_level_dB"
2022-04-04 04:45:00,52
2022-04-04 04:46:00,53
2022-04-04 04:47:00,56
2022-04-04 04:48:00,49
2022-04-04 04:49:00,52
2022-04-04 04:50:00,52
2022-04-04 04:51:00,51
2022-04-04 04:52:00,48
2022-04-04 04:53:00,51
2022-04-04 04:54:00,53
2022-04-04 05:05:00,48
2022-04-04 05:06:00,48
2022-04-04 05:07:00,50
2022-04-04 05:08:00,50
2022-04-04 05:09:00,52
2022-04-04 05:10:00,57
2022-04-04 05:11:00,53
2022-04-04 05:12:00,51
2022-04-04 05:13:00,53
2022-04-04 05:14:00,49
2022-04-04 05:15:00,54
2022-04-04 05:16:00,54
2022-04-04 05:17:00,55
2022-04-04 05:18:00,53
2022-04-04 05:19:00,51
2022-04-04 05:20:00,57
2022-04-04 05:21:00,53
2022-04-04 05:22:00,56
2022-04-04 05:23:00,54
2022-04-04 05:35:00,52
2022-04-04 05:36:00,56
2022-04-04 05:37:00,53
2022-04-04 05:38:00,57
2022-04-04 05:39:00,50
2022-04-04 05:40:00,52
2022-04-04 05:41:00,55
2022-04-04 05:42:00,49
2022-04-04 05:43:00,59
2022-04-04 05:44:00,54
2022-04-04 05:55:00,51
2022-04-04 05:56:00,58
2022-04-04 05:57:00,58
2022-04-04 05:58:00,58
2022-04-04 05:59:00,52
2022-04-04 06:00:00,55
2022-04-04 06:01:00,51
2022-04-04 06:02:00,55
2022-04-04 06:03:00,60
2022-04-04 06:04:00,57
2022-04-04 06:05:00,51
2022-04-04 06:06:00,48
2022-04-04 06:07:00,53
2022-04-04 06:08:00,53
2022-04-04 06:09:00,58
2022-04-04 06:10:00,57
2022-04-04 06:11:00,57
2022-04-04 06:12:00,54
2022-04-04 06:13:00,57
2022-04-04 06:14:00,57
2022-04-04 06:24:00,57
2022-04-04 06:25:00,59
2022-04-04 06:26:00,55
2022-04-04 06:27:00,57
2022-04-04 06:28:00,60
2022-04-04 06:29:00,60
2022-04-04 06:31:00,62
2022-04-04 06:32:00,56
2022-04-04 06:33:00,57
2022-04-04 06:34:00,55
2022-04-04 06:55:00,60
2022-04-04 06:56:00,60
2022-04-04 06:57:00,64
2022-04-04 06:58:00,61
2022-04-04 06:59:00,57
2022-04-04 07:00:00,57
2022-04-04 07:01:00,57
2022-04-04 07:02:00,57
2022-04-04 07:03:00,62
2022-04-04 07:04:00,59
2022-04-04 07:15:00,63
2022-04-04 07:16:00,64
2022-04-04 07:17:00,59
2022-04-04 07:18:00,62
2022-04-04 07:19:00,61
2022-04-04 07:20:00,60
2022-04-04 07:21:00,62
2022-04-04 07:22:00,65
2022-04-04 07:23:00,62
2022-04-04 07:24:00,60
2022-04-04 07:25:00,65
2022-04-04 07:26:00,62
2022-04-04 07:27:00,62
2022-04-04 07:28:00,65
2022-04-04 07:29:00,61
2022-04-04 07:30:00,61
2022-04-04 07:32:00,66
2022-04-04 07:33:00,62
2022-04-04 07:34:00,61
2022-04-04 07:45:00,65
2022-04-04 07:46:00,63
2022-04-04 07:47:00,66
2022-04-04 07:48:00,66
2022-04-04 07:49:00,59
2022-04-04 07:50:00,66
2022-04-04 07:51:00,65
2022-04-04 07:52:00,64
2022-04-04 07:53:00,65
2022-04-04 07:54:00,66
2022-04-04 08:35:00,64
2022-04-04 08:36:00,62
2022-04-04 08:37:00,62
2022-04-04 08:38:00,64
2022-04-04 08:39:00,65
2022-04-04 08:40:00,64
2022-04-04 08:41:00,65
2022-04-04 08:42:00,63
2022-04-04 08:43:00,62
2022-04-04 08:44:00,64
2022-04-04 11:45:00,64
2022-04-04 11:46:00,61
2022-04-04 11:47:00,63
2022-04-04 11:48:00,62
2022-04-04 11:49:00,63
2022-04-04 11:50:00,64
2022-04-04 11:51:00,65
2022-04-04 11:52:00,61
2022-04-04 11:53:00,62
2022-04-04 11:54:00,63
2022-04-04 11:55:00,59
2022-04-04 11:56:00,64
2022-04-04 11:57:00,68
2022-04-04 11:58:00,62
2022-04-04 11:59:00,63
2022-04-04 12:00:00,64
2022-04-04 12:01:00,62
2022-04-04 12:02:00,62
2022-04-04 12:03:00,63
2022-04-04 12:04:00,64
2022-04-04 12:25:00,63
2022-04-04 12:26:00,64
2022-04-04 12:27:00,65
2022-04-04 12:29:00,65
2022-04-04 12:30:00,64
2022-04-04 12:31:00,64
2022-04-04 12:32:00,62
2022-04-04 12:33:00,63
2022-04-04 12:34:00,62
2022-04-04 17:45:00,64
2022-04-04 17:46:00,67
2022-04-04 17:47:00,67
2022-04-04 17:48:00,65
2022-04-04 17:49:00,64
2022-04-04 17:50:00,66
2022-04-04 17:51:00,66
2022-04-04 17:52:00,63
2022-04-04 17:53:00,65
2022-04-04 17:54:00,68
2022-04-04 18:05:00,63
2022-04-04 18:06:00,66
2022-04-04 18:07:00,66
2022-04-04 18:08:00,66
2022-04-04 18:09:00,66
2022-04-04 18:10:00,67
2022-04-04 18:11:00,65
2022-04-04 18:12:00,67
2022-04-04 18:13:00,68
2022-04-04 18:14:00,65
2022-04-04 18:36:00,66
2022-04-04 18:37:00,62
2022-04-04 18:38:00,66
2022-04-04 18:39:00,66
2022-04-04 18:40:00,63
2022-04-04 18:41:00,65
2022-04-04 18:42:00,65
2022-04-04 18:43:00,66
2022-04-04 18:44:00,64
2022-04-04 19:15:00,64
2022-04-04 19:16:00,68
2022-04-04 19:17:00,65
2022-04-04 19:18:00,66
2022-04-04 19:19:00,65
2022-04-04 19:20:00,67
2022-04-04 19:21:00,64
2022-04-04 19:22:00,65
2022-04-04 19:23:00,63
2022-04-04 19:25:00,65
2022-04-04 19:26:00,68
2022-04-04 19:27:00,62
2022-04-04 19:28:00,67
2022-04-04 19:29:00,66
2022-04-04 19:30:00,66
2022-04-04 19:31:00,63
2022-04-04 19:32:00,65
2022-04-04 19:33:00,66
2022-04-04 19:34:00,65
2022-04-04 19:35:00,65
2022-04-04 22:05:00,62
2022-04-04 22:06:00,58
2022-04-04 22:07:00,59
2022-04-04 22:08:00,62
2022-04-04 22:09:00,58
2022-04-04 22:10:00,61
2022-04-04 22:11:00,60
2022-04-04 22:12:00,60
2022-04-04 22:13:00,56
2022-04-04 22:14:00,62
2022-04-04 22:25:00,61
2022-04-04 22:27:00,57
2022-04-04 22:28:00,60
2022-04-04 22:29:00,59
2022-04-04 22:30:00,59
2022-04-04 22:31:00,58
2022-04-04 22:32:00,61
2022-04-04 22:33:00,60
2022-04-04 22:34:00,59
2022-04-04 22:35:00,60
2022-04-04 23:15:00,56
2022-04-04 23:16:00,61
2022-04-04 23:17:00,55
2022-04-04 23:18:00,57
2022-04-04 23:19:00,56
2022-04-04 23:20:00,58
2022-04-04 23:21:00,59
2022-04-04 23:22:00,59
2022-04-04 23:23:00,59
2022-04-04 23:24:00,57
2022-04-04 23:26:00,55
2022-04-04 23:27:00,55
2022-04-04 23:28:00,57
2022-04-04 23:29:00,53
2022-04-04 23:30:00,56
2022-04-04 23:31:00,59
2022-04-04 23:32:00,53
2022-04-04 23:33:00,56
2022-04-04 23:34:00,60
2022-04-04 23:35:00,57
2022-04-04 23:36:00,55
2022-04-04 23:37:00,59
2022-04-04 23:38:00,54
2022-04-04 23:39:00,52
2022-04-04 23:40:00,56
2022-04-04 23:41:00,53
2022-04-04 23:42:00,51
2022-04-04 23:43:00,55
2022-04-04 23:44:00,60
2022-04-05 00:55:00,59
2022-04-05 00:56:00,54
2022-04-05 00:57:00,53
2022-04-05 00:58:00,59
2022-04-05 00:59:00,51
2022-04-05 01:00:00,52
2022-04-05 01:01:00,56
2022-04-05 01:02:00,55
2022-04-05 01:03:00,54
2022-04-05 01:04:00,56
2022-04-05 01:05:00,59
2022-04-05 01:06:00,51
2022-04-05 01:07:00,50
2022-04-05 01:08:00,55
2022-04-05 01:09:00,51
2022-04-05 01:10:00,54
2022-04-05 01:11:00,57
2022-04-05 01:12:00,53
2022-04-05 01:13:00,53
2022-04-05 01:14:00,50
2022-04-05 01:36:00,53
2022-04-05 01:37:00,53
2022-04-05 01:38:00,52
2022-04-05 01:39:00,52
2022-04-05 01:40:00,50
2022-04-05 01:41:00,60
2022-04-05 01:42:00,49
2022-04-05 01:43:00,57
2022-04-05 01:44:00,51
2022-04-05 05:26:00,58
2022-04-05 05:27:00,53
2022-04-05 05:28:00,54
2022-04-05 05:29:00,59
2022-04-05 05:30:00,56
2022-04-05 05:31:00,61
2022-04-05 05:32:00,62
2022-04-05 05:33:00,57
2022-04-05 05:34:00,56
2022-04-05 05:35:00,61
2022-04-05 07:55:00,69
2022-04-05 07:56:00,68
2022-04-05 07:57:00,69
2022-04-05 07:58:00,67
2022-04-05 07:59:00,66
2022-04-05 08:00:00,69
2022-04-05 08:01:00,69
2022-04-05 08:02:00,68
2022-04-05 08:03:00,70
2022-04-05 08:04:00,69
2022-04-05 08:05:00,67
2022-04-05 08:06:00,70
2022-04-05 08:07:00,69
2022-04-05 08:08:00,67
2022-04-05 08:09:00,69
2022-04-05 08:10:00,69
2022-04-05 08:11:00,67
2022-04-05 08:12:00,67
2022-04-05 08:13:00,69
2022-04-05 08:14:00,69
2022-04-05 09:36:00,70
2022-04-05 09:37:00,65
2022-04-05 09:38:00,67
2022-04-05 09:39:00,70
2022-04-05 09:40:00,68
2022-04-05 09:41:00,68
2022-04-05 09:42:00,69
2022-04-05 09:43:00,66
2022-04-05 09:44:00,68
2022-04-05 09:45:00,72
2022-04-05 09:46:00,67
2022-04-05 09:47:00,71
2022-04-05 09:48:00,68
2022-04-05 09:49:00,66
2022-04-05 09:50:00,71
2022-04-05 09:51:00,71
2022-04-05 09:52:00,67
2022-04-05 09:53:00,67
2022-04-05 09:54:00,69
2022-04-05 09:55:00,66
2022-04-05 09:56:00,67
2022-04-05 09:57:00,68
2022-04-05 09:58:00,68
2022-04-05 09:59:00,65
2022-04-05 10:00:00,69
2022-04-05 10:01:00,66
2022-04-05 10:02:00,67
2022-04-05 10:03:00,68
2022-04-05 10:04:00,69
2022-04-05 10:05:00,67
2022-04-05 10:06:00,68
2022-04-05 10:07:00,68
2022-04-05 10:08:00,66
2022-04-05 10:09:00,67
2022-04-05 10:10:00,67
2022-04-05 10:11:00,68
2022-04-05 10:12:00,68
2022-04-05 10:13:00,68
2022-04-05 10:14:00,68
2022-04-05 10:36:00,73
2022-04-05 10:37:00,66
2022-04-05 10:38:00,68
2022-04-05 10:39:00,68
2022-04-05 10:40:00,69
2022-04-05 10:41:00,67
2022-04-05 10:42:00,68
2022-04-05 10:43:00,65
2022-04-05 10:44:00,67
2022-04-05 10:45:00,68
2022-04-05 13:05:00,67
2022-04-05 13:06:00,68
2022-04-05 13:07:00,67
2022-04-05 13:08:00,70
2022-04-05 13:09:00,67
2022-04-05 13:10:00,68
2022-04-05 13:11:00,67
2022-04-05 13:12:00,69
2022-04-05 13:13:00,72
2022-04-05 13:14:00,66
2022-04-05 13:26:00,70
2022-04-05 13:27:00,69
2022-04-05 13:28:00,67
2022-04-05 13:29:00,65
2022-04-05 13:30:00,66
2022-04-05 13:31:00,68
2022-04-05 13:32:00,69
2022-04-05 13:33:00,68
2022-04-05 13:34:00,69
2022-04-05 13:35:00,68
2022-04-05 15:56:00,72
2022-04-05 15:57:00,68
2022-04-05 15:58:00,71
2022-04-05 15:59:00,68
2022-04-05 16:00:00,71
2022-04-05 16:01:00,77
2022-04-05 16:02:00,72
2022-04-05 16:03:00,73
2022-04-05 16:04:00,72
2022-04-05 16:26:00,72
2022-04-05 16:27:00,74
2022-04-05 16:28:00,78
2022-04-05 16:29:00,75
2022-04-05 16:30:00,79
2022-04-05 16:31:00,71
2022-04-05 16:32:00,73
2022-04-05 16:33:00,69
2022-04-05 16:34:00,73
2022-04-05 16:35:00,71
2022-04-05 18:01:00,77
2022-04-05 18:02:00,83
2022-04-05 18:03:00,85
2022-04-05 18:04:00,72
2022-04-05 18:05:00,73
2022-04-05 18:06:00,76
2022-04-05 18:07:00,81
2022-04-05 18:08:00,82
2022-04-05 18:09:00,79
2022-04-05 18:10:00,71
2022-04-05 18:40:00,72
2022-04-05 18:41:00,77
2022-04-05 18:42:00,81
2022-04-05 18:43:00,82
2022-04-05 18:44:00,79
2022-04-05 18:45:00,84
2022-04-05 18:46:00,79
2022-04-05 18:47:00,80
2022-04-05 18:48:00,75
2022-04-05 18:49:00,71
2022-04-05 19:30:00,77
2022-04-05 19:31:00,79
2022-04-05 19:32:00,74
2022-04-05 19:33:00,73
2022-04-05 19:34:00,72
2022-04-05 19:35:00,71
2022-04-05 19:36:00,74
2022-04-05 19:37:00,69
2022-04-05 19:38:00,73
2022-04-05 19:39:00,67
2022-04-05 19:40:00,78
2022-04-05 19:41:00,72
2022-04-05 19:42:00,67
2022-04-05 19:43:00,67
2022-04-05 19:44:00,63
2022-04-05 19:45:00,72
2022-04-05 19:46:00,79
2022-04-05 19:47:00,78
2022-04-05 19:48:00,70
2022-04-05 19:49:00,78
2022-04-05 19:50:00,75
2022-04-05 19:51:00,75
2022-04-05 19:52:00,72
2022-04-05 19:53:00,66
2022-04-05 19:54:00,76
2022-04-05 19:55:00,72
2022-04-05 19:57:00,76
2022-04-05 19:58:00,72
2022-04-05 19:59:00,65
2022-04-05 20:00:00,70
2022-04-05 20:01:00,65
2022-04-05 20:02:00,67
2022-04-05 20:03:00,65
2022-04-05 20:04:00,68
2022-04-05 20:05:00,63
2022-04-05 20:06:00,67
2022-04-05 20:07:00,74
2022-04-05 20:08:00,69
2022-04-05 20:09:00,67
2022-04-05 20:10:00,69
2022-04-05 20:11:00,68
2022-04-05 20:12:00,74
2022-04-05 20:13:00,68
2022-04-05 20:14:00,73
2022-04-05 20:15:00,74
2022-04-05 20:16:00,69
2022-04-05 20:17:00,72
2022-04-05 20:18:00,72
2022-04-05 20:19:00,78
2022-04-05 20:40:00,71
2022-04-05 20:41:00,66
2022-04-05 20:42:00,66
2022-04-05 20:43:00,64
2022-04-05 20:44:00,69
2022-04-05 20:45:00,73
2022-04-05 20:46:00,66
2022-04-05 20:47:00,70
2022-04-05 20:48:00,63
2022-04-05 20:49:00,75
2022-04-05 21:01:00,69
2022-04-05 21:02:00,66
2022-04-05 21:03:00,70
2022-04-05 21:04:00,71
2022-04-05 21:05:00,68
2022-04-05 21:06:00,77
2022-04-05 21:07:00,73
2022-04-05 21:08:00,72
2022-04-05 21:09:00,67
2022-04-05 21:10:00,70
2022-04-05 21:11:00,74
2022-04-05 21:12:00,75
2022-04-05 21:13:00,74
2022-04-05 21:14:00,78
2022-04-05 21:15:00,69
2022-04-05 21:16:00,73
2022-04-05 21:17:00,73
2022-04-05 21:18:00,67
2022-04-05 21:19:00,69
2022-04-05 21:20:00,70
2022-04-05 21:21:00,69
2022-04-05 21:22:00,71
2022-04-05 21:23:00,66
2022-04-05 21:24:00,74
2022-04-05 21:25:00,72
2022-04-05 21:26:00,70
2022-04-05 21:27:00,65
2022-04-05 21:28:00,71
2022-04-05 21:29:00,66
2022-04-05 21:40:00,72
2022-04-05 21:41:00,66
2022-04-05 21:42:00,69
2022-04-05 21:43:00,65
2022-04-05 21:44:00,62
2022-04-05 21:45:00,62
2022-04-05 21:46:00,69
2022-04-05 21:47:00,64
2022-04-05 21:48:00,65
2022-04-05 21:49:00,66
2022-04-05 22:11:00,58
2022-04-05 22:12:00,65
2022-04-05 22:13:00,66
2022-04-05 22:14:00,66
2022-04-05 22:15:00,63
2022-04-05 22:16:00,58
2022-04-05 22:17:00,54
2022-04-05 22:18:00,54
2022-04-05 22:19:00,57
2022-04-05 22:20:00,61
2022-04-05 22:30:00,61
2022-04-05 22:31:00,65
2022-04-05 22:32:00,61
2022-04-05 22:33:00,65
2022-04-05 22:34:00,60
2022-04-05 22:35:00,60
2022-04-05 22:36:00,62
2022-04-05 22:37:00,59
2022-04-05 22:38:00,60
2022-04-05 22:39:00,55
2022-04-05 23:01:00,57
2022-04-05 23:02:00,59
2022-04-05 23:03:00,60
2022-04-05 23:04:00,61
2022-04-05 23:05:00,58
2022-04-05 23:06:00,65
2022-04-05 23:07:00,59
2022-04-05 23:08:00,64
2022-04-05 23:09:00,56
2022-04-05 23:10:00,64
2022-04-05 23:11:00,64
2022-04-05 23:12:00,64
2022-04-05 23:13:00,64
2022-04-05 23:14:00,62
2022-04-05 23:15:00,66
2022-04-05 23:16:00,69
2022-04-05 23:17:00,63
2022-04-05 23:18:00,63
2022-04-05 23:19:00,62
2022-04-05 23:20:00,61
2022-04-05 23:30:00,58
2022-04-05 23:31:00,59
2022-04-05 23:32:00,59
2022-04-05 23:33:00,59
2022-04-05 23:34:00,61
2022-04-05 23:35:00,55
2022-04-05 23:36:00,56
2022-04-05 23:37:00,54
2022-04-05 23:38:00,52
2022-04-05 23:39:00,55
2022-04-05 23:40:00,57
2022-04-05 23:41:00,55
2022-04-05 23:42:00,53
2022-04-05 23:43:00,48
2022-04-05 23:44:00,52
2022-04-05 23:45:00,49
2022-04-05 23:46:00,53
2022-04-05 23:47:00,57
2022-04-05 23:48:00,53
2022-04-05 23:49:00,52
2022-04-05 23:50:00,51
2022-04-05 23:51:00,53
2022-04-05 23:52:00,51
2022-04-05 23:53:00,56
2022-04-05 23:55:00,55
2022-04-05 23:56:00,54
2022-04-05 23:57:00,52
2022-04-05 23:58:00,52
2022-04-05 23:59:00,53
2022-04-06 00:00:00,50
2022-04-06 00:21:00,59
2022-04-06 00:22:00,59
2022-04-06 00:23:00,54
2022-04-06 00:24:00,56
2022-04-06 00:25:00,58
2022-04-06 00:26:00,53
2022-04-06 00:27:00,57
2022-04-06 00:28:00,56
2022-04-06 00:29:00,58
2022-04-06 00:30:00,49
2022-04-06 00:31:00,61
2022-04-06 00:32:00,53
2022-04-06 00:33:00,57
2022-04-06 00:34:00,57
2022-04-06 00:35:00,53
2022-04-06 00:36:00,57
2022-04-06 00:37:00,53
2022-04-06 00:38:00,53
2022-04-06 00:39:00,53
2022-04-06 00:40:00,56
2022-04-06 00:41:00,63
2022-04-06 00:42:00,57
2022-04-06 00:43:00,57
2022-04-06 00:44:00,60
2022-04-06 00:45:00,56
2022-04-06 00:46:00,53
2022-04-06 00:47:00,55
2022-04-06 00:48:00,56
2022-04-06 00:49:00,57
2022-04-06 01:01:00,56
2022-04-06 01:02:00,52
2022-04-06 01:03:00,54
2022-04-06 01:04:00,52
2022-04-06 01:05:00,53
2022-04-06 01:06:00,54
2022-04-06 01:07:00,49
2022-04-06 01:08:00,58
2022-04-06 01:09:00,58
2022-04-06 01:10:00,52
2022-04-06 01:21:00,53
2022-04-06 01:22:00,57
2022-04-06 01:23:00,57
2022-04-06 01:24:00,57
2022-04-06 01:25:00,52
2022-04-06 01:26:00,57
2022-04-06 01:27:00,53
2022-04-06 01:28:00,55
2022-04-06 01:29:00,48
2022-04-06 02:01:00,53
2022-04-06 02:02:00,55
2022-04-06 02:03:00,52
2022-04-06 02:04:00,47
2022-04-06 02:05:00,52
2022-04-06 02:06:00,49
2022-04-06 02:07:00,52
2022-04-06 02:08:00,52
2022-04-06 02:09:00,56
2022-04-06 02:10:00,48
2022-04-06 02:11:00,53
2022-04-06 02:12:00,51
2022-04-06 02:13:00,52
2022-04-06 02:14:00,53
2022-04-06 02:15:00,53
2022-04-06 02:16:00,51
2022-04-06 02:17:00,52
2022-04-06 02:18:00,51
2022-04-06 02:19:00,50
2022-04-06 02:20:00,51
2022-04-06 02:40:00,48
2022-04-06 02:41:00,50
2022-04-06 02:42:00,48
2022-04-06 02:43:00,48
2022-04-06 02:44:00,55
2022-04-06 02:45:00,50
2022-04-06 02:46:00,51
2022-04-06 02:47:00,51
2022-04-06 02:48:00,53
2022-04-06 02:49:00,48
2022-04-06 02:50:00,49
2022-04-06 02:51:00,49
2022-04-06 02:52:00,54
2022-04-06 02:53:00,52
2022-04-06 02:55:00,52
2022-04-06 02:56:00,54
2022-04-06 02:57:00,51
2022-04-06 02:58:00,51
2022-04-06 02:59:00,50
2022-04-06 03:00:00,49
2022-04-06 03:40:00,50
2022-04-06 03:41:00,51
2022-04-06 03:42:00,47
2022-04-06 03:43:00,51
2022-04-06 03:44:00,48
2022-04-06 03:45:00,48
2022-04-06 03:46:00,50
2022-04-06 03:47:00,49
2022-04-06 03:48:00,48
2022-04-06 03:49:00,51
2022-04-06 04:21:00,51
2022-04-06 04:22:00,55
2022-04-06 04:23:00,49
2022-04-06 04:24:00,49
2022-04-06 04:25:00,58
2022-04-06 04:26:00,52
2022-04-06 04:27:00,61
2022-04-06 04:28:00,56
2022-04-06 04:29:00,55
2022-04-06 04:40:00,57
2022-04-06 04:41:00,51
2022-04-06 04:42:00,52
2022-04-06 04:43:00,51
2022-04-06 04:44:00,52
2022-04-06 04:45:00,48
2022-04-06 04:46:00,51
2022-04-06 04:47:00,53
2022-04-06 04:48:00,53
2022-04-06 04:49:00,49
2022-04-06 04:50:00,50
2022-04-06 04:51:00,61
2022-04-06 04:52:00,58
2022-04-06 04:53:00,61
2022-04-06 04:55:00,61
2022-04-06 04:56:00,59
2022-04-06 04:57:00,64
2022-04-06 04:58:00,55
2022-04-06 04:59:00,62
2022-04-06 05:00:00,54
2022-04-06 05:11:00,48
2022-04-06 05:12:00,49
2022-04-06 05:13:00,50
2022-04-06 05:14:00,54
2022-04-06 05:15:00,49
2022-04-06 05:16:00,50
2022-04-06 05:17:00,50
2022-04-06 05:18:00,49
2022-04-06 05:19:00,49
2022-04-06 05:20:00,51
2022-04-06 05:21:00,54
2022-04-06 05:22:00,51
2022-04-06 05:23:00,52
2022-04-06 05:24:00,48
2022-04-06 05:25:00,49
2022-04-06 05:26:00,51
2022-04-06 05:27:00,57
2022-04-06 05:28:00,52
2022-04-06 05:29:00,50
2022-04-06 05:30:00,52
2022-04-06 05:31:00,51
2022-04-06 05:32:00,51
2022-04-06 05:33:00,52
2022-04-06 05:34:00,52
2022-04-06 05:35:00,54
2022-04-06 05:36:00,49
2022-04-06 05:37:00,51
2022-04-06 05:38:00,50
2022-04-06 05:39:00,51
2022-04-06 05:40:00,52
2022-04-06 05:41:00,57
2022-04-06 05:42:00,56
2022-04-06 05:43:00,53
2022-04-06 05:44:00,49
2022-04-06 05:45:00,54
2022-04-06 05:46:00,56
2022-04-06 05:47:00,55
2022-04-06 05:48:00,54
2022-04-06 05:49:00,53
2022-04-06 05:50:00,49
2022-04-06 05:51:00,50
2022-04-06 05:52:00,53
2022-04-06 05:54:00,56
2022-04-06 05:55:00,54
2022-04-06 05:56:00,53
2022-04-06 05:57:00,54
2022-04-06 05:58:00,56
2022-04-06 05:59:00,56
2022-04-06 06:00:00,54
2022-04-06 06:11:00,54
2022-04-06 06:12:00,56
2022-04-06 06:13:00,58
2022-04-06 06:14:00,59
2022-04-06 06:15:00,55
2022-04-06 06:16:00,56
2022-04-06 06:17:00,55
2022-04-06 06:18:00,56
2022-04-06 06:19:00,55
2022-04-06 06:20:00,59
2022-04-06 06:21:00,60
2022-04-06 06:22:00,57
2022-04-06 06:23:00,55
2022-04-06 06:24:00,56
2022-04-06 06:25:00,57
2022-04-06 06:26:00,59
2022-04-06 06:27:00,61
2022-04-06 06:28:00,58
2022-04-06 06:29:00,57
2022-04-06 06:30:00,55
2022-04-06 06:31:00,59
2022-04-06 06:32:00,57
2022-04-06 06:33:00,59
2022-04-06 06:34:00,61
2022-04-06 06:35:00,60
2022-04-06 06:36:00,59
2022-04-06 06:37:00,58
2022-04-06 06:38:00,56
2022-04-06 06:39:00,59
2022-04-06 06:40:00,61
2022-04-06 06:41:00,61
2022-04-06 06:42:00,60
2022-04-06 06:43:00,58
2022-04-06 06:44:00,58
2022-04-06 06:45:00,61
2022-04-06 06:46:00,61
2022-04-06 06:47:00,58
2022-04-06 06:48:00,58
2022-04-06 06:49:00,57
2022-04-06 07:01:00,59
2022-04-06 07:02:00,59
2022-04-06 07:03:00,59
2022-04-06 07:04:00,57
2022-04-06 07:05:00,59
2022-04-06 07:06:00,60
2022-04-06 07:07:00,55
2022-04-06 07:08:00,61
2022-04-06 07:09:00,59
2022-04-06 07:10:00,60
2022-04-06 07:11:00,58
2022-04-06 07:12:00,57
2022-04-06 07:13:00,57
2022-04-06 07:14:00,57
2022-04-06 07:15:00,62
2022-04-06 07:16:00,58
2022-04-06 07:17:00,58
2022-04-06 07:18:00,60
2022-04-06 07:19:00,57
2022-04-06 07:20:00,57
2022-04-06 07:40:00,61
2022-04-06 07:41:00,55
2022-04-06 07:42:00,59
2022-04-06 07:43:00,60
2022-04-06 07:44:00,59
2022-04-06 07:45:00,60
2022-04-06 07:46:00,60
2022-04-06 07:47:00,59
2022-04-06 07:48:00,61
2022-04-06 07:49:00,61
2022-04-06 08:01:00,57
2022-04-06 08:02:00,62
2022-04-06 08:03:00,58
2022-04-06 08:04:00,59
2022-04-06 08:05:00,62
2022-04-06 08:06:00,61
2022-04-06 08:07:00,60
2022-04-06 08:08:00,62
2022-04-06 08:09:00,62
2022-04-06 08:10:00,60
2022-04-06 08:11:00,63
2022-04-06 08:12:00,60
2022-04-06 08:13:00,58
2022-04-06 08:14:00,60
2022-04-06 08:15:00,61
2022-04-06 08:16:00,59
2022-04-06 08:17:00,59
2022-04-06 08:18:00,61
2022-04-06 08:19:00,58
2022-04-06 08:20:00,60
2022-04-06 08:31:00,58
2022-04-06 08:32:00,60
2022-04-06 08:33:00,61
2022-04-06 08:34:00,64
2022-04-06 08:35:00,58
2022-04-06 08:36:00,61
2022-04-06 08:37:00,60
2022-04-06 08:38:00,58
2022-04-06 08:39:00,63
2022-04-06 08:40:00,61
2022-04-06 08:41:00,62
2022-04-06 08:42:00,62
2022-04-06 08:43:00,63
2022-04-06 08:44:00,62
2022-04-06 08:45:00,68
2022-04-06 08:46:00,61
2022-04-06 08:47:00,62
2022-04-06 08:48:00,63
2022-04-06 08:49:00,62
2022-04-06 08:50:00,61
2022-04-06 08:51:00,62
2022-04-06 08:52:00,63
2022-04-06 08:53:00,61
2022-04-06 08:55:00,62
2022-04-06 08:56:00,63
2022-04-06 08:57:00,59
2022-04-06 08:58:00,59
2022-04-06 08:59:00,63
2022-04-06 09:00:00,63
2022-04-06 09:01:00,62
2022-04-06 09:02:00,64
2022-04-06 09:03:00,62
2022-04-06 09:04:00,59
2022-04-06 09:05:00,63
2022-04-06 09:06:00,63
2022-04-06 09:07:00,63
2022-04-06 09:08:00,61
2022-04-06 09:09:00,61
2022-04-06 09:10:00,58
2022-04-06 09:11:00,63
2022-04-06 09:12:00,63
2022-04-06 09:13:00,60
2022-04-06 09:14:00,62
2022-04-06 09:15:00,63
2022-04-06 09:16:00,58
2022-04-06 09:17:00,60
2022-04-06 09:18:00,64
2022-04-06 09:19:00,63
2022-04-06 09:20:00,63
2022-04-06 09:21:00,64
2022-04-06 09:22:00,65
2022-04-06 09:23:00,68
2022-04-06 09:24:00,64
2022-04-06 09:25:00,65
2022-04-06 09:26:00,63
2022-04-06 09:27:00,60
2022-04-06 09:28:00,65
2022-04-06 09:29:00,66
2022-04-06 09:30:00,63
2022-04-06 09:31:00,57
2022-04-06 09:32:00,63
2022-04-06 09:33:00,65
2022-04-06 09:34:00,64
2022-04-06 09:35:00,57
2022-04-06 09:36:00,66
2022-04-06 09:37:00,64
2022-04-06 09:38:00,60
2022-04-06 09:39:00,65
2022-04-06 10:40:00,63
2022-04-06 10:41:00,63
2022-04-06 10:42:00,63
2022-04-06 10:43:00,65
2022-04-06 10:44:00,62
2022-04-06 10:45:00,64
2022-04-06 10:46:00,69
2022-04-06 10:47:00,69
2022-04-06 10:48:00,75
2022-04-06 10:49:00,71
2022-04-06 10:50:00,69
2022-04-06 10:51:00,68
2022-04-06 10:53:00,68
2022-04-06 10:54:00,62
2022-04-06 10:55:00,65
2022-04-06 10:56:00,69
2022-04-06 10:57:00,66
2022-04-06 10:58:00,63
2022-04-06 10:59:00,72
2022-04-06 11:00:00,65
2022-04-06 12:21:00,67
2022-04-06 12:22:00,76
2022-04-06 12:23:00,68
2022-04-06 12:24:00,69
2022-04-06 12:25:00,67
2022-04-06 12:26:00,73
2022-04-06 12:27:00,68
2022-04-06 12:28:00,72
2022-04-06 12:29:00,69
2022-04-06 12:30:00,76
2022-04-06 12:31:00,62
2022-04-06 12:32:00,66
2022-04-06 12:33:00,69
2022-04-06 12:34:00,69
2022-04-06 12:35:00,65
2022-04-06 12:36:00,70
2022-04-06 12:37:00,69
2022-04-06 12:38:00,68
2022-04-06 12:39:00,65
2022-04-06 12:50:00,64
2022-04-06 12:51:00,67
2022-04-06 12:53:00,66
2022-04-06 12:54:00,63
2022-04-06 12:55:00,64
2022-04-06 12:56:00,68
2022-04-06 12:57:00,71
2022-04-06 12:58:00,63
2022-04-06 12:59:00,72
2022-04-06 13:00:00,67
2022-04-06 13:11:00,66
2022-04-06 13:12:00,64
2022-04-06 13:13:00,68
2022-04-06 13:14:00,67
2022-04-06 13:15:00,77
2022-04-06 13:16:00,65
2022-04-06 13:17:00,75
2022-04-06 13:18:00,68
2022-04-06 13:19:00,63
2022-04-06 13:20:00,71
2022-04-06 13:31:00,74
2022-04-06 13:32:00,66
2022-04-06 13:33:00,68
2022-04-06 13:34:00,63
2022-04-06 13:35:00,65
2022-04-06 13:36:00,68
2022-04-06 13:37:00,68
2022-04-06 13:38:00,63
2022-04-06 13:39:00,72
2022-04-06 13:40:00,75
2022-04-06 13:41:00,67
2022-04-06 13:42:00,66
2022-04-06 13:43:00,67
2022-04-06 13:44:00,68
2022-04-06 13:45:00,66
2022-04-06 13:46:00,73
2022-04-06 13:47:00,66
2022-04-06 13:48:00,67
2022-04-06 13:49:00,67
2022-04-06 13:51:00,81
2022-04-06 13:52:00,69
2022-04-06 13:53:00,66
2022-04-06 13:54:00,69
2022-04-06 13:55:00,67
2022-04-06 13:56:00,66
2022-04-06 13:57:00,64
2022-04-06 13:58:00,68
2022-04-06 13:59:00,65
2022-04-06 14:00:00,67
2022-04-06 14:40:00,70
2022-04-06 14:41:00,63
2022-04-06 14:42:00,66
2022-04-06 14:43:00,66
2022-04-06 14:44:00,64
2022-04-06 14:45:00,64
2022-04-06 14:46:00,66
2022-04-06 14:47:00,70
2022-04-06 14:48:00,72
2022-04-06 14:49:00,67
2022-04-06 14:50:00,63
2022-04-06 14:52:00,65
2022-04-06 14:53:00,72
2022-04-06 14:54:00,75
2022-04-06 14:55:00,74
2022-04-06 14:56:00,70
2022-04-06 14:57:00,67
2022-04-06 14:58:00,64
2022-04-06 14:59:00,70
2022-04-06 15:00:00,73
2022-04-06 15:11:00,71
2022-04-06 15:12:00,72
2022-04-06 15:13:00,66
2022-04-06 15:14:00,67
2022-04-06 15:15:00,70
2022-04-06 15:16:00,66
2022-04-06 15:17:00,67
2022-04-06 15:18:00,65
2022-04-06 15:19:00,62
2022-04-06 15:20:00,63
2022-04-06 15:31:00,66
2022-04-06 15:32:00,68
2022-04-06 15:33:00,72
2022-04-06 15:34:00,70
2022-04-06 15:35:00,63
2022-04-06 15:36:00,67
2022-04-06 15:37:00,69
2022-04-06 15:38:00,64
2022-04-06 15:39:00,64
2022-04-06 16:11:00,63
2022-04-06 16:12:00,68
2022-04-06 16:13:00,66
2022-04-06 16:14:00,63
2022-04-06 16:15:00,66
2022-04-06 16:16:00,76
2022-04-06 16:17:00,68
2022-04-06 16:18:00,65
2022-04-06 16:19:00,69
2022-04-06 16:20:00,74
2022-04-06 16:31:00,63
2022-04-06 16:32:00,70
2022-04-06 16:33:00,74
2022-04-06 16:34:00,64
2022-04-06 16:35:00,64
2022-04-06 16:36:00,64
2022-04-06 16:37:00,64
2022-04-06 16:38:00,63
2022-04-06 16:39:00,69
2022-04-06 17:11:00,66
2022-04-06 17:12:00,64
2022-04-06 17:13:00,70
2022-04-06 17:14:00,67
2022-04-06 17:15:00,69
2022-04-06 17:16:00,71
2022-04-06 17:17:00,71
2022-04-06 17:18:00,63
2022-04-06 17:19:00,70
2022-04-06 17:20:00,67
2022-04-06 17:31:00,62
2022-04-06 17:32:00,64
2022-04-06 17:33:00,65
2022-04-06 17:34:00,64
2022-04-06 17:35:00,60
2022-04-06 17:36:00,64
2022-04-06 17:37:00,66
2022-04-06 17:38:00,67
2022-04-06 17:39:00,67
2022-04-06 18:01:00,58
2022-04-06 18:02:00,67
2022-04-06 18:03:00,69
2022-04-06 18:04:00,59
2022-04-06 18:05:00,62
2022-04-06 18:06:00,64
2022-04-06 18:07:00,64
2022-04-06 18:08:00,65
2022-04-06 18:09:00,65
2022-04-06 18:10:00,60
2022-04-06 18:31:00,63
2022-04-06 18:32:00,58
2022-04-06 18:33:00,61
2022-04-06 18:34:00,63
2022-04-06 18:35:00,60
2022-04-06 18:36:00,64
2022-04-06 18:37:00,65
2022-04-06 18:38:00,60
2022-04-06 18:39:00,64
2022-04-06 18:40:00,63
2022-04-06 18:41:00,64
2022-04-06 18:42:00,62
2022-04-06 18:43:00,64
2022-04-06 18:44:00,57
2022-04-06 18:45:00,61
2022-04-06 18:46:00,61
2022-04-06 18:47:00,61
2022-04-06 18:48:00,62
2022-04-06 18:50:00,62
2022-04-06 18:50:00,64
2022-04-06 18:52:00,63
2022-04-06 18:53:00,61
2022-04-06 18:53:00,64
2022-04-06 18:54:00,59
2022-04-06 18:56:00,62
2022-04-06 18:57:00,61
2022-04-06 18:58:00,58
2022-04-06 18:59:00,64
2022-04-06 19:00:00,61
2022-04-06 19:21:00,62
2022-04-06 19:22:00,63
2022-04-06 19:23:00,62
2022-04-06 19:24:00,61
2022-04-06 19:25:00,62
2022-04-06 19:26:00,53
2022-04-06 19:27:00,63
2022-04-06 19:28:00,63
2022-04-06 19:29:00,59
2022-04-06 19:30:00,63
2022-04-06 19:31:00,62
2022-04-06 19:32:00,61
2022-04-06 19:33:00,62
2022-04-06 19:34:00,61
2022-04-06 19:35:00,61
2022-04-06 19:36:00,60
2022-04-06 19:37:00,63
2022-04-06 19:38:00,58
2022-04-06 19:39:00,62
2022-04-06 19:40:00,64
2022-04-06 23:41:00,54
2022-04-06 23:42:00,57
2022-04-06 23:43:00,55
2022-04-06 23:44:00,51
2022-04-06 23:45:00,48
2022-04-06 23:46:00,54
2022-04-06 23:48:00,52
2022-04-06 23:48:00,54
2022-04-06 23:49:00,54
2022-04-06 23:51:00,53
2022-04-06 23:52:00,50
2022-04-06 23:52:00,52
2022-04-06 23:54:00,50
2022-04-06 23:55:00,50
2022-04-06 23:55:00,56
2022-04-06 23:56:00,53
2022-04-06 23:58:00,51
2022-04-06 23:59:00,49
2022-04-06 23:59:00,50
2022-04-07 00:01:00,56
2022-04-07 00:02:00,56
2022-04-07 00:03:00,53
2022-04-07 00:04:00,51
2022-04-07 00:05:00,50
2022-04-07 00:06:00,51
2022-04-07 00:07:00,52
2022-04-07 00:08:00,52
2022-04-07 00:09:00,56
2022-04-07 00:10:00,57
2022-04-07 00:11:00,51
2022-04-07 00:12:00,51
2022-04-07 00:13:00,51
2022-04-07 00:14:00,52
2022-04-07 00:15:00,55
2022-04-07 00:16:00,53
2022-04-07 00:17:00,52
2022-04-07 00:18:00,49
2022-04-07 00:19:00,53
2022-04-07 00:20:00,52
2022-04-07 01:21:00,49
2022-04-07 01:22:00,56
2022-04-07 01:23:00,53
2022-04-07 01:24:00,49
2022-04-07 01:25:00,48
2022-04-07 01:26:00,51
2022-04-07 01:27:00,48
2022-04-07 01:28:00,53
2022-04-07 01:29:00,47
2022-04-07 01:30:00,50
2022-04-07 01:51:00,48
2022-04-07 01:52:00,49
2022-04-07 01:52:00,52
2022-04-07 01:54:00,50
2022-04-07 01:55:00,51
2022-04-07 01:56:00,50
2022-04-07 01:58:00,52
2022-04-07 01:59:00,48
2022-04-07 02:01:00,49
2022-04-07 02:02:00,54
2022-04-07 02:02:00,55
2022-04-07 02:04:00,51
2022-04-07 02:05:00,49
2022-04-07 02:06:00,49
2022-04-07 02:07:00,47
2022-04-07 02:08:00,51
2022-04-07 02:09:00,52
2022-04-07 02:10:00,48
2022-04-07 02:21:00,50
2022-04-07 02:22:00,53
2022-04-07 02:23:00,47
2022-04-07 02:24:00,48
2022-04-07 02:25:00,48
2022-04-07 02:26:00,51
2022-04-07 02:27:00,52
2022-04-07 02:28:00,51
2022-04-07 02:29:00,51
2022-04-07 02:30:00,50
2022-04-07 03:01:00,48
2022-04-07 03:02:00,51
2022-04-07 03:03:00,50
2022-04-07 03:04:00,48
2022-04-07 03:05:00,47
2022-04-07 03:06:00,47
2022-04-07 03:07:00,49
2022-04-07 03:08:00,49
2022-04-07 03:09:00,50
2022-04-07 03:10:00,48
2022-04-07 03:11:00,49
2022-04-07 03:12:00,50
2022-04-07 03:13:00,51
2022-04-07 03:14:00,51
2022-04-07 03:15:00,48
2022-04-07 03:16:00,51
2022-04-07 03:17:00,47
2022-04-07 03:18:00,50
2022-04-07 03:19:00,47
2022-04-07 03:20:00,47
2022-04-07 03:51:00,51
2022-04-07 03:52:00,48
2022-04-07 03:53:00,47
2022-04-07 03:54:00,47
2022-04-07 03:55:00,51
2022-04-07 03:56:00,50
2022-04-07 03:57:00,49
2022-04-07 03:58:00,51
2022-04-07 03:59:00,50
2022-04-07 04:00:00,49
2022-04-07 04:01:00,51
2022-04-07 04:02:00,50
2022-04-07 04:03:00,47
2022-04-07 04:04:00,49
2022-04-07 04:05:00,47
2022-04-07 04:06:00,49
2022-04-07 04:07:00,51
2022-04-07 04:08:00,51
2022-04-07 04:09:00,52
2022-04-07 04:10:00,54
2022-04-07 04:11:00,49
2022-04-07 04:12:00,50
2022-04-07 04:13:00,50
2022-04-07 04:14:00,51
2022-04-07 04:15:00,47
2022-04-07 04:16:00,53
2022-04-07 04:17:00,52
2022-04-07 04:18:00,48
2022-04-07 04:19:00,55
2022-04-07 04:20:00,49
2022-04-07 04:41:00,53
2022-04-07 04:42:00,56
2022-04-07 04:44:00,50
2022-04-07 04:45:00,52
2022-04-07 04:45:00,53
2022-04-07 04:46:00,48
2022-04-07 04:48:00,53
2022-04-07 04:49:00,52
2022-04-07 04:50:00,54
2022-04-07 05:41:00,55
2022-04-07 05:43:00,52
2022-04-07 05:43:00,57
2022-04-07 05:44:00,52
2022-04-07 05:46:00,55
2022-04-07 05:47:00,52
2022-04-07 05:47:00,57
2022-04-07 05:49:00,59
2022-04-07 05:50:00,56
2022-04-07 05:51:00,52
2022-04-07 06:01:00,53
2022-04-07 06:02:00,57
2022-04-07 06:03:00,56
2022-04-07 06:04:00,54
2022-04-07 06:05:00,57
2022-04-07 06:06:00,58
2022-04-07 06:07:00,57
2022-04-07 06:08:00,61
2022-04-07 06:09:00,59
2022-04-07 06:10:00,59
2022-04-07 06:31:00,57
2022-04-07 06:32:00,58
2022-04-07 06:33:00,55
2022-04-07 06:34:00,61
2022-04-07 06:35:00,62
2022-04-07 06:36:00,59
2022-04-07 06:37:00,56
2022-04-07 06:38:00,59
2022-04-07 06:39:00,59
2022-04-07 06:40:00,60
2022-04-07 06:41:00,63
2022-04-07 06:42:00,58
2022-04-07 06:44:00,60
2022-04-07 06:45:00,62
2022-04-07 06:45:00,65
2022-04-07 06:46:00,58
2022-04-07 06:48:00,62
2022-04-07 06:49:00,60
2022-04-07 06:49:00,62
2022-04-07 06:51:00,59
2022-04-07 06:52:00,59
2022-04-07 06:53:00,60
2022-04-07 06:54:00,62
2022-04-07 06:55:00,63
2022-04-07 06:56:00,67
2022-04-07 06:57:00,60
2022-04-07 06:58:00,60
2022-04-07 06:59:00,58
2022-04-07 07:00:00,62
2022-04-07 07:01:00,62
2022-04-07 07:02:00,56
2022-04-07 07:03:00,63
2022-04-07 07:04:00,59
2022-04-07 07:05:00,63
2022-04-07 07:06:00,65
2022-04-07 07:07:00,61
2022-04-07 07:08:00,58
2022-04-07 07:09:00,62
2022-04-07 07:10:00,63
2022-04-07 07:11:00,62
2022-04-07 07:12:00,65
2022-04-07 07:13:00,62
2022-04-07 07:14:00,62
2022-04-07 07:15:00,65
2022-04-07 07:16:00,64
2022-04-07 07:17:00,58
2022-04-07 07:18:00,63
2022-04-07 07:19:00,59
2022-04-07 07:20:00,63
2022-04-07 07:21:00,65
2022-04-07 07:22:00,66
2022-04-07 07:23:00,63
2022-04-07 07:24:00,65
2022-04-07 07:25:00,63
2022-04-07 07:26:00,63
2022-04-07 07:27:00,65
2022-04-07 07:28:00,66
2022-04-07 07:29:00,63
2022-04-07 07:30:00,67
2022-04-07 07:41:00,65
2022-04-07 07:42:00,63
2022-04-07 07:43:00,66
2022-04-07 07:44:00,65
2022-04-07 07:46:00,65
2022-04-07 07:47:00,67
2022-04-07 07:47:00,68
2022-04-07 07:49:00,61
2022-04-07 07:49:00,63
2022-04-07 07:50:00,65
2022-04-07 07:52:00,63
2022-04-07 07:53:00,65
2022-04-07 07:54:00,67
2022-04-07 07:55:00,63
2022-04-07 07:56:00,68
2022-04-07 07:57:00,64
2022-04-07 07:58:00,61
2022-04-07 07:59:00,65
2022-04-07 08:00:00,65
2022-04-07 08:21:00,67
2022-04-07 08:22:00,67
2022-04-07 08:23:00,64
2022-04-07 08:24:00,67
2022-04-07 08:25:00,68
2022-04-07 08:26:00,58
2022-04-07 08:27:00,67
2022-04-07 08:28:00,67
2022-04-07 08:29:00,67
2022-04-07 08:30:00,66
2022-04-07 08:31:00,68
2022-04-07 08:32:00,62
2022-04-07 08:33:00,66
2022-04-07 08:34:00,66
2022-04-07 08:35:00,65
2022-04-07 08:36:00,67
2022-04-07 08:37:00,67
2022-04-07 08:38:00,63
2022-04-07 08:39:00,66
2022-04-07 08:40:00,68
2022-04-07 08:41:00,64
2022-04-07 08:42:00,65
2022-04-07 08:43:00,66
2022-04-07 08:44:00,64
2022-04-07 08:45:00,64
2022-04-07 08:46:00,67
2022-04-07 08:48:00,65
2022-04-07 08:49:00,64
2022-04-07 08:49:00,66
2022-04-07 08:51:00,66
2022-04-07 09:31:00,68
2022-04-07 09:32:00,62
2022-04-07 09:33:00,66
2022-04-07 09:34:00,67
2022-04-07 09:35:00,62
2022-04-07 09:36:00,66
2022-04-07 09:37:00,66
2022-04-07 09:38:00,65
2022-04-07 09:39:00,64
2022-04-07 09:40:00,67
2022-04-07 10:11:00,66
2022-04-07 10:12:00,65
2022-04-07 10:13:00,62
2022-04-07 10:14:00,66
2022-04-07 10:15:00,66
2022-04-07 10:16:00,64
2022-04-07 10:17:00,64
2022-04-07 10:18:00,66
2022-04-07 10:19:00,60
2022-04-07 10:20:00,63
2022-04-07 10:21:00,64
2022-04-07 10:22:00,65
2022-04-07 10:23:00,64
2022-04-07 10:24:00,65
2022-04-07 10:25:00,66
2022-04-07 10:26:00,63
2022-04-07 10:27:00,67
2022-04-07 10:28:00,66
2022-04-07 10:29:00,63
2022-04-07 10:30:00,63
2022-04-07 10:31:00,66
2022-04-07 10:32:00,64
2022-04-07 10:33:00,62
2022-04-07 10:34:00,67
2022-04-07 10:35:00,64
2022-04-07 10:36:00,64
2022-04-07 10:37:00,67
2022-04-07 10:38:00,65
2022-04-07 10:39:00,63
2022-04-07 10:40:00,67
2022-04-07 10:51:00,63
2022-04-07 10:53:00,64
2022-04-07 10:53:00,66
2022-04-07 10:55:00,64
2022-04-07 10:56:00,65
2022-04-07 10:57:00,65
2022-04-07 10:58:00,64
2022-04-07 10:59:00,66
2022-04-07 11:00:00,65
2022-04-07 11:01:00,61
2022-04-07 11:02:00,63
2022-04-07 11:03:00,67
2022-04-07 11:04:00,65
2022-04-07 11:05:00,64
2022-04-07 11:06:00,65
2022-04-07 11:07:00,64
2022-04-07 11:08:00,66
2022-04-07 11:09:00,66
2022-04-07 11:10:00,61
2022-04-07 11:31:00,67
2022-04-07 11:32:00,63
2022-04-07 11:33:00,67
2022-04-07 11:34:00,65
2022-04-07 11:35:00,62
2022-04-07 11:36:00,65
2022-04-07 11:37:00,67
2022-04-07 11:38:00,63
2022-04-07 11:39:00,64
2022-04-07 11:40:00,62
2022-04-07 12:01:00,61
2022-04-07 12:02:00,64
2022-04-07 12:03:00,66
2022-04-07 12:04:00,62
2022-04-07 12:05:00,64
2022-04-07 12:06:00,64
2022-04-07 12:07:00,62
2022-04-07 12:08:00,65
2022-04-07 12:09:00,65
2022-04-07 12:10:00,62
2022-04-07 12:11:00,64
2022-04-07 12:12:00,65
2022-04-07 12:13:00,61
2022-04-07 12:14:00,65
2022-04-07 12:15:00,66
2022-04-07 12:16:00,65
2022-04-07 12:17:00,65
2022-04-07 12:18:00,66
2022-04-07 12:19:00,67
2022-04-07 12:20:00,63
2022-04-07 12:31:00,68
2022-04-07 12:32:00,64
2022-04-07 12:33:00,66
2022-04-07 12:34:00,69
2022-04-07 12:35:00,64
2022-04-07 12:36:00,67
2022-04-07 12:37:00,66
2022-04-07 12:38:00,65
2022-04-07 12:39:00,62
2022-04-07 12:40:00,64
2022-04-07 12:52:00,64
2022-04-07 12:52:00,66
2022-04-07 12:53:00,65
2022-04-07 12:55:00,64
2022-04-07 12:56:00,67
2022-04-07 12:57:00,66
2022-04-07 12:58:00,63
2022-04-07 12:59:00,65
2022-04-07 13:00:00,67
2022-04-07 13:01:00,63
2022-04-07 13:02:00,65
2022-04-07 13:03:00,68
2022-04-07 13:04:00,63
2022-04-07 13:05:00,65
2022-04-07 13:06:00,67
2022-04-07 13:07:00,59
2022-04-07 13:08:00,68
2022-04-07 13:09:00,68
2022-04-07 13:10:00,65
2022-04-07 13:21:00,66
2022-04-07 13:22:00,66
2022-04-07 13:23:00,65
2022-04-07 13:24:00,67
2022-04-07 13:25:00,67
2022-04-07 13:26:00,62
2022-04-07 13:27:00,65
2022-04-07 13:28:00,66
2022-04-07 13:29:00,66
2022-04-07 13:30:00,67
2022-04-07 13:41:00,64
2022-04-07 13:42:00,65
2022-04-07 13:43:00,67
2022-04-07 13:44:00,64
2022-04-07 13:46:00,64
2022-04-07 13:47:00,65
2022-04-07 13:47:00,67
2022-04-07 13:48:00,63
2022-04-07 13:50:00,63
2022-04-07 13:51:00,65
2022-04-07 14:21:00,65
2022-04-07 14:22:00,64
2022-04-07 14:23:00,63
2022-04-07 14:24:00,67
2022-04-07 14:25:00,67
2022-04-07 14:26:00,60
2022-04-07 14:27:00,63
2022-04-07 14:28:00,66
2022-04-07 14:29:00,63
2022-04-07 14:30:00,66
2022-04-07 14:31:00,67
2022-04-07 14:32:00,62
2022-04-07 14:33:00,64
2022-04-07 14:34:00,66
2022-04-07 14:35:00,64
2022-04-07 14:36:00,65
2022-04-07 14:37:00,66
2022-04-07 14:38:00,59
2022-04-07 14:39:00,67
2022-04-07 14:40:00,67
2022-04-07 14:41:00,64
2022-04-07 14:42:00,64
2022-04-07 14:44:00,65
2022-04-07 14:45:00,62
2022-04-07 14:45:00,65
2022-04-07 14:46:00,65
2022-04-07 14:48:00,64
2022-04-07 14:49:00,65
2022-04-07 14:49:00,67
2022-04-07 14:51:00,65
2022-04-07 15:31:00,66
2022-04-07 15:32:00,65
2022-04-07 15:33:00,67
2022-04-07 15:34:00,67
2022-04-07 15:35:00,64
2022-04-07 15:36:00,66
2022-04-07 15:37:00,68
2022-04-07 15:38:00,65
2022-04-07 15:39:00,66
2022-04-07 15:40:00,66
2022-04-07 15:41:00,66
2022-04-07 15:42:00,66
2022-04-07 15:43:00,69
2022-04-07 15:45:00,64
2022-04-07 15:46:00,62
2022-04-07 15:47:00,66
2022-04-07 15:47:00,67
2022-04-07 15:49:00,66
2022-04-07 15:49:00,67
2022-04-07 15:51:00,67
2022-04-07 16:02:00,66
2022-04-07 16:03:00,68
2022-04-07 16:04:00,64
2022-04-07 16:05:00,67
2022-04-07 16:06:00,68
2022-04-07 16:07:00,66
2022-04-07 16:08:00,67
2022-04-07 16:09:00,70
2022-04-07 16:10:00,64
2022-04-07 16:51:00,65
2022-04-07 16:52:00,67
2022-04-07 16:53:00,66
2022-04-07 16:54:00,63
2022-04-07 16:56:00,67
2022-04-07 16:57:00,64
2022-04-07 16:57:00,66
2022-04-07 16:59:00,65
2022-04-07 17:00:00,66
2022-04-07 17:01:00,62
2022-04-07 17:40:00,66
2022-04-07 18:06:00,65
2022-04-07 18:07:00,67
2022-04-07 18:08:00,63
2022-04-07 18:09:00,65
2022-04-07 18:10:00,67
2022-04-07 18:11:00,64
2022-04-07 18:12:00,65
2022-04-07 18:13:00,67
2022-04-07 18:14:00,61
2022-04-07 18:15:00,64
2022-04-07 18:26:00,66
2022-04-07 18:27:00,63
2022-04-07 18:28:00,64
2022-04-07 18:29:00,65
2022-04-07 18:30:00,66
2022-04-07 18:31:00,62
2022-04-07 18:32:00,65
2022-04-07 18:33:00,66
2022-04-07 18:34:00,64
2022-04-07 18:35:00,64
2022-04-07 18:36:00,62
2022-04-07 18:37:00,64
2022-04-07 18:38:00,64
2022-04-07 18:39:00,63
2022-04-07 18:40:00,64
2022-04-07 18:41:00,65
2022-04-07 18:42:00,65
2022-04-07 18:43:00,67
2022-04-07 18:44:00,63
2022-04-07 18:45:00,65
2022-04-08 01:56:00,56
2022-04-08 01:57:00,57
2022-04-08 01:58:00,57
2022-04-08 01:59:00,55
2022-04-08 02:00:00,55
2022-04-08 02:01:00,51
2022-04-08 02:02:00,60
2022-04-08 02:03:00,51
2022-04-08 02:04:00,53
2022-04-08 02:05:00,59
2022-04-08 02:06:00,60
2022-04-08 02:07:00,56
2022-04-08 02:08:00,66
2022-04-08 02:09:00,65
2022-04-08 02:10:00,52
2022-04-08 02:11:00,56
2022-04-08 02:12:00,54
2022-04-08 02:13:00,56
2022-04-08 02:14:00,51
2022-04-08 02:15:00,60
2022-04-08 02:16:00,65
2022-04-08 02:17:00,60
2022-04-08 02:18:00,56
2022-04-08 02:19:00,55
2022-04-08 02:21:00,59
2022-04-08 02:22:00,51
2022-04-08 02:23:00,59
2022-04-08 02:24:00,59
2022-04-08 02:25:00,62
2022-04-08 02:26:00,56
2022-04-08 02:27:00,59
2022-04-08 02:28:00,63
2022-04-08 02:29:00,57
2022-04-08 02:30:00,51
2022-04-08 02:31:00,60
2022-04-08 02:32:00,61
2022-04-08 02:33:00,62
2022-04-08 02:34:00,58
2022-04-08 02:35:00,58
2022-04-08 02:36:00,63
2022-04-08 02:37:00,56
2022-04-08 02:38:00,58
2022-04-08 02:39:00,59
2022-04-08 02:40:00,58
2022-04-08 02:41:00,64
2022-04-08 02:42:00,59
2022-04-08 02:43:00,58
2022-04-08 02:44:00,57
2022-04-08 02:45:00,57
2022-04-08 03:16:00,62
2022-04-08 03:17:00,61
2022-04-08 03:18:00,66
2022-04-08 03:20:00,57
2022-04-08 03:21:00,56
2022-04-08 03:22:00,55
2022-04-08 03:23:00,55
2022-04-08 03:24:00,60
2022-04-08 03:25:00,51
2022-04-08 03:26:00,59
2022-04-08 03:27:00,62
2022-04-08 03:28:00,56
2022-04-08 03:29:00,59
2022-04-08 03:30:00,63
2022-04-08 03:31:00,59
2022-04-08 03:32:00,66
2022-04-08 03:33:00,61
2022-04-08 03:34:00,58
2022-04-08 03:35:00,52
2022-04-08 03:36:00,57
2022-04-08 03:37:00,56
2022-04-08 03:38:00,59
2022-04-08 03:39:00,57
2022-04-08 03:40:00,56
2022-04-08 03:41:00,52
2022-04-08 03:42:00,59
2022-04-08 03:43:00,54
2022-04-08 03:44:00,54
2022-04-08 03:45:00,60
2022-04-08 08:46:00,66
2022-04-08 08:47:00,66
2022-04-08 08:48:00,68
2022-04-08 08:49:00,66
2022-04-08 08:50:00,66
2022-04-08 08:51:00,70
2022-04-08 08:52:00,69
2022-04-08 08:53:00,63
2022-04-08 08:54:00,67
2022-04-08 08:55:00,68
2022-04-08 08:56:00,67
2022-04-08 08:57:00,69
2022-04-08 08:58:00,67
2022-04-08 08:59:00,65
2022-04-08 09:00:00,68
2022-04-08 09:01:00,69
2022-04-08 09:02:00,62
2022-04-08 09:03:00,67
2022-04-08 09:04:00,68
2022-04-08 09:05:00,63
2022-04-08 09:06:00,67
2022-04-08 09:07:00,68
2022-04-08 09:08:00,66
2022-04-08 09:09:00,66
2022-04-08 09:10:00,67
2022-04-08 09:11:00,66
2022-04-08 09:12:00,66
2022-04-08 09:13:00,68
2022-04-08 09:14:00,65
2022-04-08 09:15:00,66
2022-04-08 10:17:00,65
2022-04-08 10:17:00,67
2022-04-08 10:19:00,60
2022-04-08 10:20:00,66
2022-04-08 10:21:00,64
2022-04-08 10:22:00,65
2022-04-08 10:23:00,67
2022-04-08 10:24:00,67
2022-04-08 10:25:00,64
2022-04-08 10:26:00,67
2022-04-08 10:37:00,61
2022-04-08 10:38:00,63
2022-04-08 10:39:00,67
2022-04-08 10:40:00,64
2022-04-08 10:41:00,65
2022-04-08 10:42:00,67
2022-04-08 10:43:00,64
2022-04-08 10:44:00,63
2022-04-08 10:45:00,66
2022-04-08 11:16:00,66
2022-04-08 11:18:00,66
2022-04-08 11:19:00,65
2022-04-08 11:20:00,66
2022-04-08 11:21:00,65
2022-04-08 11:22:00,63
2022-04-08 11:23:00,66
2022-04-08 11:24:00,65
2022-04-08 11:25:00,61
2022-04-08 11:26:00,64
2022-04-08 11:27:00,67
2022-04-08 11:28:00,65
2022-04-08 11:29:00,64
2022-04-08 11:30:00,63
2022-04-08 11:31:00,60
2022-04-08 11:32:00,67
2022-04-08 11:33:00,66
2022-04-08 11:34:00,63
2022-04-08 11:35:00,65
2022-04-08 11:36:00,66
2022-04-08 11:37:00,61
2022-04-08 11:38:00,65
2022-04-08 11:39:00,66
2022-04-08 11:40:00,64
2022-04-08 11:41:00,61
2022-04-08 11:42:00,67
2022-04-08 11:43:00,62
2022-04-08 11:44:00,63
2022-04-08 11:45:00,67
2022-04-08 11:46:00,65
2022-04-08 11:47:00,65
2022-04-08 11:48:00,67
2022-04-08 11:49:00,66
2022-04-08 11:50:00,65
2022-04-08 11:51:00,66
2022-04-08 11:52:00,66
2022-04-08 11:53:00,64
2022-04-08 11:54:00,65
2022-04-08 11:55:00,66
2022-04-08 12:17:00,67
2022-04-08 12:18:00,64
2022-04-08 12:19:00,64
2022-04-08 12:20:00,64
2022-04-08 12:21:00,64
2022-04-08 12:22:00,64
2022-04-08 12:23:00,66
2022-04-08 12:24:00,65
2022-04-08 12:25:00,63
2022-04-08 12:26:00,66
2022-04-08 12:46:00,66
2022-04-08 12:47:00,67
2022-04-08 12:48:00,67
2022-04-08 12:49:00,64
2022-04-08 12:50:00,66
2022-04-08 12:51:00,67
2022-04-08 12:52:00,65
2022-04-08 12:53:00,62
2022-04-08 12:54:00,67
2022-04-08 12:55:00,68
2022-04-08 12:56:00,65
2022-04-08 12:57:00,66
2022-04-08 12:58:00,66
2022-04-08 12:59:00,63
2022-04-08 13:00:00,65
2022-04-08 13:01:00,65
2022-04-08 13:02:00,63
2022-04-08 13:03:00,66
2022-04-08 13:04:00,65
2022-04-08 13:05:00,63
2022-04-08 13:37:00,66
2022-04-08 13:38:00,66
2022-04-08 13:39:00,65
2022-04-08 13:40:00,65
2022-04-08 13:41:00,66
2022-04-08 13:42:00,67
2022-04-08 13:43:00,63
2022-04-08 13:44:00,66
2022-04-08 13:45:00,67
2022-04-08 13:46:00,67
2022-04-08 13:47:00,65
2022-04-08 13:48:00,67
2022-04-08 13:49:00,65
2022-04-08 13:50:00,64
2022-04-08 13:51:00,66
2022-04-08 13:52:00,63
2022-04-08 13:53:00,59
2022-04-08 13:54:00,67
2022-04-08 13:55:00,66
2022-04-08 14:46:00,65
2022-04-08 14:47:00,67
2022-04-08 14:48:00,66
2022-04-08 14:49:00,65
2022-04-08 14:50:00,63
2022-04-08 14:51:00,66
2022-04-08 14:52:00,68
2022-04-08 14:53:00,64
2022-04-08 14:54:00,67
2022-04-08 14:55:00,71
2022-04-08 15:56:00,66
2022-04-08 15:57:00,66
2022-04-08 15:58:00,66
2022-04-08 15:59:00,66
2022-04-08 16:00:00,66
2022-04-08 16:01:00,64
2022-04-08 16:02:00,66
2022-04-08 16:03:00,67
2022-04-08 16:04:00,68
2022-04-08 16:05:00,65
2022-04-08 16:06:00,64
2022-04-08 16:07:00,65
2022-04-08 16:08:00,67
2022-04-08 16:09:00,65
2022-04-08 16:10:00,67
2022-04-08 16:11:00,68
2022-04-08 16:12:00,69
2022-04-08 16:13:00,67
2022-04-08 16:14:00,66
2022-04-08 16:15:00,65
2022-04-08 16:27:00,66
2022-04-08 16:28:00,62
2022-04-08 16:29:00,64
2022-04-08 16:30:00,66
2022-04-08 16:31:00,70
2022-04-08 16:32:00,71
2022-04-08 16:33:00,63
2022-04-08 16:34:00,64
2022-04-08 16:35:00,66
2022-04-08 16:36:00,65
2022-04-08 18:17:00,71
2022-04-08 18:18:00,67
2022-04-08 18:19:00,68
2022-04-08 18:20:00,67
2022-04-08 18:21:00,66
2022-04-08 18:22:00,64
2022-04-08 18:23:00,65
2022-04-08 18:24:00,67
2022-04-08 18:25:00,65
2022-04-08 18:26:00,65
2022-04-08 18:47:00,66
2022-04-08 18:48:00,65
2022-04-08 18:49:00,62
2022-04-08 18:50:00,65
2022-04-08 18:51:00,65
2022-04-08 18:52:00,63
2022-04-08 18:53:00,63
2022-04-08 18:54:00,67
2022-04-08 18:55:00,67
2022-04-08 19:37:00,62
2022-04-08 19:38:00,67
2022-04-08 19:39:00,67
2022-04-08 19:40:00,66
2022-04-08 19:41:00,66
2022-04-08 19:42:00,66
2022-04-08 19:43:00,67
2022-04-08 19:44:00,69
2022-04-08 19:45:00,69
2022-04-08 19:46:00,68
2022-04-08 19:47:00,65
2022-04-08 19:48:00,69
2022-04-08 19:49:00,69
2022-04-08 19:50:00,65
2022-04-08 19:51:00,68
2022-04-08 19:52:00,68
2022-04-08 19:53:00,62
2022-04-08 19:54:00,65
2022-04-08 19:55:00,64
2022-04-08 20:27:00,57
2022-04-08 20:28:00,58
2022-04-08 20:29:00,59
2022-04-08 20:30:00,61
2022-04-08 20:31:00,60
2022-04-08 20:32:00,63
2022-04-08 20:33:00,61
2022-04-08 20:34:00,61
2022-04-08 20:35:00,59
2022-04-08 20:36:00,61
2022-04-08 20:37:00,60
2022-04-08 20:38:00,61
2022-04-08 20:39:00,62
2022-04-08 20:40:00,61
2022-04-08 20:41:00,60
2022-04-08 20:42:00,58
2022-04-08 20:43:00,59
2022-04-08 20:44:00,57
2022-04-08 20:45:00,61
2022-04-08 20:46:00,60
2022-04-08 20:47:00,62
2022-04-08 20:48:00,57
2022-04-08 20:49:00,60
2022-04-08 20:50:00,60
2022-04-08 20:51:00,61
2022-04-08 20:52:00,62
2022-04-08 20:53:00,63
2022-04-08 20:54:00,59
2022-04-08 20:55:00,58
2022-04-08 21:27:00,62
2022-04-08 21:28:00,59
2022-04-08 21:29:00,59
2022-04-08 21:30:00,59
2022-04-08 21:31:00,60
2022-04-08 21:32:00,59
2022-04-08 21:33:00,58
2022-04-08 21:34:00,69
2022-04-08 21:35:00,60
2022-04-08 21:36:00,58
2022-04-08 21:37:00,61
2022-04-08 21:38:00,64
2022-04-08 21:39:00,60
2022-04-08 21:40:00,60
2022-04-08 21:41:00,59
2022-04-08 21:42:00,57
2022-04-08 21:43:00,59
2022-04-08 21:44:00,60
2022-04-08 21:45:00,61
2022-04-08 21:46:00,62
2022-04-08 21:56:00,61
2022-04-08 21:57:00,58
2022-04-08 21:58:00,60
2022-04-08 21:59:00,59
2022-04-08 22:00:00,58
2022-04-08 22:01:00,58
2022-04-08 22:02:00,61
2022-04-08 22:03:00,57
2022-04-08 22:04:00,59
2022-04-08 22:05:00,60
2022-04-08 22:06:00,59
2022-04-08 22:07:00,61
2022-04-08 22:09:00,60
2022-04-08 22:09:00,61
2022-04-08 22:10:00,58
2022-04-08 22:12:00,61
2022-04-08 22:14:00,61
2022-04-08 22:15:00,55
2022-04-08 22:16:00,58
2022-04-08 22:27:00,58
2022-04-08 22:28:00,60
2022-04-08 22:29:00,58
2022-04-08 22:30:00,58
2022-04-08 22:31:00,57
2022-04-08 22:32:00,58
2022-04-08 22:33:00,59
2022-04-08 22:34:00,57
2022-04-08 22:35:00,54
2022-04-08 22:36:00,53
2022-04-08 22:37:00,58
2022-04-08 22:38:00,59
2022-04-08 22:39:00,56
2022-04-08 22:40:00,53
2022-04-08 22:41:00,60
2022-04-08 22:42:00,53
2022-04-08 22:43:00,56
2022-04-08 22:44:00,56
2022-04-08 22:45:00,55
2022-04-08 22:46:00,61
2022-04-08 22:47:00,55
2022-04-08 22:48:00,55
2022-04-08 22:49:00,57
2022-04-08 22:50:00,57
2022-04-08 22:51:00,60
2022-04-08 22:52:00,61
2022-04-08 22:53:00,59
2022-04-08 22:54:00,53
2022-04-08 22:55:00,57
2022-04-08 22:56:00,58
2022-04-08 22:57:00,55
2022-04-08 22:58:00,59
2022-04-08 22:59:00,56
2022-04-08 23:00:00,58
2022-04-08 23:01:00,57
2022-04-08 23:02:00,58
2022-04-08 23:03:00,56
2022-04-08 23:04:00,59
2022-04-08 23:05:00,60
2022-04-08 23:06:00,60
2022-04-08 23:07:00,58
2022-04-08 23:09:00,55
2022-04-08 23:10:00,58
2022-04-08 23:11:00,55
2022-04-08 23:11:00,57
2022-04-08 23:13:00,59
2022-04-08 23:14:00,57
2022-04-08 23:15:00,56
2022-04-08 23:16:00,56
2022-04-08 23:56:00,57
2022-04-08 23:57:00,55
2022-04-08 23:58:00,58
2022-04-08 23:59:00,59
2022-04-09 00:00:00,59
2022-04-09 00:01:00,52
2022-04-09 00:02:00,58
2022-04-09 00:03:00,53
2022-04-09 00:04:00,59
2022-04-09 00:05:00,56
2022-04-09 00:17:00,56
2022-04-09 00:18:00,56
2022-04-09 00:19:00,56
2022-04-09 00:20:00,56
2022-04-09 00:21:00,55
2022-04-09 00:22:00,50
2022-04-09 00:23:00,57
2022-04-09 00:24:00,57
2022-04-09 00:25:00,53
2022-04-09 00:26:00,55
2022-04-09 00:56:00,50
2022-04-09 00:57:00,57
2022-04-09 00:58:00,56
2022-04-09 00:59:00,57
2022-04-09 01:00:00,55
2022-04-09 01:01:00,53
2022-04-09 01:02:00,57
2022-04-09 01:03:00,56
2022-04-09 01:04:00,58
2022-04-09 01:05:00,58
2022-04-09 01:06:00,56
2022-04-09 01:07:00,53
2022-04-09 01:08:00,51
2022-04-09 01:09:00,56
2022-04-09 01:11:00,52
2022-04-09 01:11:00,53
2022-04-09 01:13:00,57
2022-04-09 01:14:00,55
2022-04-09 01:15:00,57
2022-04-09 01:16:00,54
2022-04-09 01:27:00,54
2022-04-09 01:28:00,58
2022-04-09 01:29:00,54
2022-04-09 01:30:00,54
2022-04-09 01:31:00,55
2022-04-09 01:32:00,57
2022-04-09 01:33:00,59
2022-04-09 01:34:00,58
2022-04-09 01:35:00,54
2022-04-09 01:36:00,49
2022-04-09 01:37:00,52
2022-04-09 01:38:00,53
2022-04-09 01:39:00,57
2022-04-09 01:40:00,58
2022-04-09 01:41:00,60
2022-04-09 01:42:00,53
2022-04-09 01:43:00,54
2022-04-09 01:44:00,54
2022-04-09 01:45:00,59
2022-04-09 01:46:00,59
2022-04-09 01:56:00,59
2022-04-09 01:57:00,55
2022-04-09 01:58:00,56
2022-04-09 01:59:00,57
2022-04-09 02:00:00,58
2022-04-09 02:01:00,56
2022-04-09 02:02:00,60
2022-04-09 02:03:00,58
2022-04-09 02:04:00,56
2022-04-09 02:05:00,61
2022-04-09 02:17:00,52
2022-04-09 02:18:00,58
2022-04-09 02:19:00,56
2022-04-09 02:20:00,61
2022-04-09 02:21:00,54
2022-04-09 02:22:00,49
2022-04-09 02:23:00,53
2022-04-09 02:24:00,53
2022-04-09 02:25:00,53
2022-04-09 02:26:00,54
2022-04-09 02:27:00,58
2022-04-09 02:28:00,57
2022-04-09 02:29:00,56
2022-04-09 02:30:00,53
2022-04-09 02:31:00,55
2022-04-09 02:32:00,57
2022-04-09 02:33:00,58
2022-04-09 02:34:00,55
2022-04-09 02:35:00,56
2022-04-09 02:36:00,55
2022-04-09 03:17:00,50
2022-04-09 03:18:00,51
2022-04-09 03:19:00,55
2022-04-09 03:20:00,50
2022-04-09 03:21:00,50
2022-04-09 03:22:00,52
2022-04-09 03:23:00,53
2022-04-09 03:24:00,51
2022-04-09 03:25:00,49
2022-04-09 03:26:00,55
2022-04-09 03:27:00,54
2022-04-09 03:28:00,53
2022-04-09 03:29:00,49
2022-04-09 03:30:00,51
2022-04-09 03:31:00,54
2022-04-09 03:32:00,53
2022-04-09 03:33:00,57
2022-04-09 03:34:00,51
2022-04-09 03:35:00,54
2022-04-09 03:36:00,53
2022-04-09 03:37:00,48
2022-04-09 03:38:00,49
2022-04-09 03:39:00,56
2022-04-09 03:40:00,58
2022-04-09 03:41:00,54
2022-04-09 03:42:00,51
2022-04-09 03:43:00,49
2022-04-09 03:44:00,57
2022-04-09 03:45:00,57
2022-04-09 03:46:00,51
2022-04-09 03:47:00,53
2022-04-09 03:48:00,56
2022-04-09 03:49:00,50
2022-04-09 03:50:00,56
2022-04-09 03:51:00,57
2022-04-09 03:52:00,56
2022-04-09 03:53:00,58
2022-04-09 03:54:00,56
2022-04-09 03:55:00,56
2022-04-09 04:06:00,57
2022-04-09 04:07:00,53
2022-04-09 04:08:00,60
2022-04-09 04:09:00,57
2022-04-09 04:10:00,61
2022-04-09 04:12:00,59
2022-04-09 04:13:00,58
2022-04-09 04:14:00,53
2022-04-09 04:14:00,58
2022-04-09 04:16:00,55
2022-04-09 04:17:00,60
2022-04-09 04:18:00,64
2022-04-09 04:19:00,58
2022-04-09 04:20:00,56
2022-04-09 04:21:00,52
2022-04-09 04:22:00,55
2022-04-09 04:23:00,52
2022-04-09 04:24:00,54
2022-04-09 04:25:00,48
2022-04-09 04:26:00,58
2022-04-09 04:47:00,55
2022-04-09 04:48:00,51
2022-04-09 04:49:00,57
2022-04-09 04:50:00,51
2022-04-09 04:51:00,51
2022-04-09 04:52:00,56
2022-04-09 04:53:00,55
2022-04-09 04:54:00,50
2022-04-09 04:55:00,57
2022-04-09 04:56:00,51
2022-04-09 04:57:00,57
2022-04-09 04:58:00,52
2022-04-09 04:59:00,49
2022-04-09 05:00:00,51
2022-04-09 05:01:00,50
2022-04-09 05:03:00,56
2022-04-09 05:03:00,57
2022-04-09 05:04:00,55
2022-04-09 05:05:00,50
2022-04-09 06:47:00,59
2022-04-09 06:48:00,51
2022-04-09 06:49:00,57
2022-04-09 06:50:00,52
2022-04-09 06:51:00,52
2022-04-09 06:52:00,59
2022-04-09 06:53:00,59
2022-04-09 06:54:00,58
2022-04-09 06:55:00,56
2022-04-09 06:56:00,57
2022-04-09 07:06:00,61
2022-04-09 07:07:00,57
2022-04-09 07:08:00,54
2022-04-09 07:09:00,54
2022-04-09 07:10:00,58
2022-04-09 07:11:00,58
2022-04-09 07:12:00,57
2022-04-09 07:14:00,55
2022-04-09 07:15:00,57
2022-04-09 07:27:00,60
2022-04-09 07:28:00,60
2022-04-09 07:29:00,63
2022-04-09 07:30:00,61
2022-04-09 07:31:00,58
2022-04-09 07:32:00,55
2022-04-09 07:33:00,65
2022-04-09 07:34:00,56
2022-04-09 07:35:00,54
2022-04-09 07:36:00,61
2022-04-09 07:37:00,63
2022-04-09 07:38:00,57
2022-04-09 07:39:00,61
2022-04-09 07:40:00,61
2022-04-09 07:41:00,58
2022-04-09 07:42:00,56
2022-04-09 07:43:00,57
2022-04-09 07:44:00,58
2022-04-09 07:45:00,60
2022-04-09 07:46:00,58
2022-04-09 19:41:00,61
2022-04-09 19:42:00,59
2022-04-09 19:43:00,63
2022-04-09 19:44:00,60
2022-04-09 19:45:00,59
2022-04-09 19:46:00,59
2022-04-09 19:48:00,60
2022-04-09 19:49:00,61
2022-04-09 19:50:00,61
2022-04-09 19:51:00,61
2022-04-09 19:52:00,61
2022-04-09 19:53:00,60
2022-04-09 19:54:00,63
2022-04-09 19:55:00,62
2022-04-09 19:56:00,62
2022-04-09 19:57:00,62
2022-04-09 19:58:00,56
2022-04-09 19:59:00,58
2022-04-09 20:00:00,60
2022-04-09 20:01:00,63
2022-04-09 20:02:00,62
2022-04-09 20:03:00,62
2022-04-09 20:04:00,63
2022-04-09 20:05:00,61
2022-04-09 20:06:00,60
2022-04-09 20:07:00,61
2022-04-09 20:08:00,63
2022-04-09 20:09:00,62
2022-04-09 20:10:00,60
2022-04-09 20:11:00,59
2022-04-09 20:12:00,60
2022-04-09 20:13:00,60
2022-04-09 20:14:00,60
2022-04-09 20:15:00,63
2022-04-09 20:16:00,61
2022-04-09 20:17:00,61
2022-04-09 20:18:00,59
2022-04-09 20:19:00,56
2022-04-09 20:20:00,61
2022-04-09 20:21:00,60
2022-04-09 20:31:00,60
2022-04-09 20:32:00,55
2022-04-09 20:33:00,58
2022-04-09 20:34:00,60
2022-04-09 20:35:00,61
2022-04-09 20:36:00,59
2022-04-09 20:37:00,58
2022-04-09 20:38:00,62
2022-04-09 20:39:00,59
2022-04-09 20:40:00,57
2022-04-09 21:02:00,61
2022-04-09 21:03:00,60
2022-04-09 21:04:00,59
2022-04-09 21:05:00,61
2022-04-09 21:06:00,60
2022-04-09 21:07:00,59
2022-04-09 21:08:00,59
2022-04-09 21:09:00,63
2022-04-09 21:10:00,61
2022-04-09 21:11:00,61
2022-04-09 21:12:00,59
2022-04-09 21:13:00,56
2022-04-09 21:14:00,58
2022-04-09 21:15:00,61
2022-04-09 21:16:00,62
2022-04-09 21:17:00,59
2022-04-09 21:18:00,57
2022-04-09 21:19:00,56
2022-04-09 21:20:00,55
2022-04-09 21:21:00,57
2022-04-09 21:31:00,56
2022-04-09 21:32:00,59
2022-04-09 21:33:00,58
2022-04-09 21:34:00,63
2022-04-09 21:35:00,61
2022-04-09 21:36:00,57
2022-04-09 21:37:00,58
2022-04-09 21:38:00,58
2022-04-09 21:39:00,60
2022-04-09 21:40:00,58
2022-04-09 21:41:00,60
2022-04-09 21:42:00,56
2022-04-09 21:44:00,56
2022-04-09 21:44:00,57
2022-04-09 21:45:00,57
2022-04-09 21:47:00,56
2022-04-09 21:48:00,58
2022-04-09 21:49:00,59
2022-04-09 21:50:00,59
2022-04-09 21:51:00,59
2022-04-10 02:52:00,50
2022-04-10 02:53:00,54
2022-04-10 02:54:00,53
2022-04-10 02:55:00,50
2022-04-10 02:56:00,58
2022-04-10 02:57:00,55
2022-04-10 02:58:00,56
2022-04-10 02:59:00,52
2022-04-10 03:00:00,52
2022-04-10 03:01:00,55
2022-04-10 03:22:00,57
2022-04-10 03:23:00,53
2022-04-10 03:24:00,50
2022-04-10 03:25:00,51
2022-04-10 03:26:00,54
2022-04-10 03:27:00,53
2022-04-10 03:28:00,51
2022-04-10 03:29:00,50
2022-04-10 03:30:00,54
2022-04-10 03:31:00,52
2022-04-10 03:41:00,54
2022-04-10 03:42:00,54
2022-04-10 03:44:00,54
2022-04-10 03:45:00,52
2022-04-10 03:46:00,53
2022-04-10 03:47:00,51
2022-04-10 03:48:00,54
2022-04-10 03:49:00,56
2022-04-10 03:50:00,56
2022-04-10 03:51:00,54
2022-04-10 03:52:00,51
2022-04-10 03:53:00,56
2022-04-10 03:54:00,50
2022-04-10 03:55:00,52
2022-04-10 03:56:00,50
2022-04-10 03:57:00,54
2022-04-10 03:58:00,53
2022-04-10 03:59:00,50
2022-04-10 04:00:00,51
2022-04-10 04:01:00,52
2022-04-10 04:12:00,55
2022-04-10 04:13:00,49
2022-04-10 04:14:00,50
2022-04-10 04:15:00,55
2022-04-10 04:16:00,57
2022-04-10 04:17:00,51
2022-04-10 04:18:00,49
2022-04-10 04:19:00,51
2022-04-10 04:20:00,53
2022-04-10 04:21:00,55
2022-04-10 04:52:00,52
2022-04-10 04:53:00,48
2022-04-10 04:54:00,54
2022-04-10 04:55:00,59
2022-04-10 04:56:00,56
2022-04-10 04:57:00,51
2022-04-10 04:58:00,52
2022-04-10 04:59:00,54
2022-04-10 05:00:00,52
2022-04-10 05:01:00,52
2022-04-10 05:12:00,52
2022-04-10 05:13:00,53
2022-04-10 05:14:00,51
2022-04-10 05:15:00,54
2022-04-10 05:16:00,54
2022-04-10 05:17:00,52
2022-04-10 05:18:00,50
2022-04-10 05:19:00,49
2022-04-10 05:20:00,49
2022-04-10 05:21:00,50
2022-04-10 07:12:00,59
2022-04-10 07:13:00,52
2022-04-10 07:14:00,52
2022-04-10 07:15:00,57
2022-04-10 07:16:00,59
2022-04-10 07:17:00,59
2022-04-10 07:18:00,56
2022-04-10 07:19:00,54
2022-04-10 07:20:00,56
2022-04-10 07:21:00,59
2022-04-10 07:22:00,60
2022-04-10 07:23:00,58
2022-04-10 07:24:00,54
2022-04-10 07:25:00,53
2022-04-10 07:26:00,56
2022-04-10 07:27:00,56
2022-04-10 07:28:00,61
2022-04-10 07:29:00,60
2022-04-10 07:30:00,59
2022-04-10 07:31:00,62
2022-04-10 09:12:00,59
2022-04-10 09:13:00,62
2022-04-10 09:14:00,57
2022-04-10 09:15:00,55
2022-04-10 09:16:00,62
2022-04-10 09:17:00,50
2022-04-10 09:18:00,63
2022-04-10 09:19:00,65
2022-04-10 09:20:00,54
2022-04-10 09:21:00,59
2022-04-10 09:22:00,61
2022-04-10 09:23:00,56
2022-04-10 09:24:00,57
2022-04-10 09:25:00,63
2022-04-10 09:26:00,59
2022-04-10 09:27:00,58
2022-04-10 09:28:00,63
2022-04-10 09:29:00,62
2022-04-10 09:30:00,60
2022-04-10 09:31:00,65
2022-04-10 09:32:00,69
2022-04-10 09:33:00,61
2022-04-10 09:34:00,62
2022-04-10 09:35:00,60
2022-04-10 09:36:00,62
2022-04-10 09:38:00,65
2022-04-10 09:39:00,59
2022-04-10 09:39:00,62
2022-04-10 09:40:00,63
2022-04-10 09:41:00,62
2022-04-10 10:43:00,61
2022-04-10 10:44:00,62
2022-04-10 10:45:00,64
2022-04-10 10:46:00,65
2022-04-10 10:47:00,61
2022-04-10 10:48:00,64
2022-04-10 10:49:00,57
2022-04-10 10:50:00,66
2022-04-10 10:51:00,65
2022-04-10 10:52:00,66
2022-04-10 10:53:00,62
2022-04-10 10:54:00,64
2022-04-10 10:55:00,60
2022-04-10 10:56:00,62
2022-04-10 10:57:00,65
2022-04-10 10:58:00,57
2022-04-10 10:59:00,65
2022-04-10 11:00:00,65
2022-04-10 11:01:00,64
2022-04-10 11:12:00,65
2022-04-10 11:13:00,66
2022-04-10 11:14:00,61
2022-04-10 11:15:00,63
2022-04-10 11:16:00,63
2022-04-10 11:17:00,62
2022-04-10 11:18:00,63
2022-04-10 11:19:00,66
2022-04-10 11:20:00,65
2022-04-10 11:21:00,65
2022-04-10 11:52:00,71
2022-04-10 11:53:00,70
2022-04-10 11:54:00,63
2022-04-10 11:55:00,64
2022-04-10 11:56:00,65
2022-04-10 11:57:00,75
2022-04-10 11:58:00,67
2022-04-10 11:59:00,67
2022-04-10 12:00:00,67
2022-04-10 12:01:00,69
2022-04-10 12:02:00,67
2022-04-10 12:03:00,69
2022-04-10 12:04:00,69
2022-04-10 12:05:00,68
2022-04-10 12:06:00,67
2022-04-10 12:07:00,72
2022-04-10 12:08:00,71
2022-04-10 12:09:00,72
2022-04-10 12:10:00,67
2022-04-10 12:11:00,64
2022-04-10 12:22:00,69
2022-04-10 12:23:00,66
2022-04-10 12:24:00,65
2022-04-10 12:25:00,70
2022-04-10 12:26:00,73
2022-04-10 12:27:00,69
2022-04-10 12:28:00,72
2022-04-10 12:29:00,68
2022-04-10 12:30:00,64
2022-04-10 12:31:00,74
2022-04-10 12:32:00,75
2022-04-10 12:33:00,73
2022-04-10 12:34:00,69
2022-04-10 12:35:00,69
2022-04-10 12:36:00,64
2022-04-10 12:37:00,67
2022-04-10 12:39:00,64
2022-04-10 12:39:00,67
2022-04-10 12:40:00,68
2022-04-10 12:42:00,68
2022-04-10 19:53:00,60
2022-04-10 19:54:00,62
2022-04-10 19:55:00,63
2022-04-10 19:56:00,61
2022-04-10 19:57:00,63
2022-04-10 19:58:00,61
2022-04-10 19:59:00,60
2022-04-10 20:00:00,61
2022-04-10 20:01:00,62
2022-04-10 20:02:00,61
2022-04-10 20:03:00,62
2022-04-10 20:04:00,62
2022-04-10 20:05:00,59
2022-04-10 20:06:00,58
2022-04-10 20:07:00,60
2022-04-10 20:08:00,61
2022-04-10 20:09:00,61
2022-04-10 20:10:00,63
2022-04-10 20:11:00,60
2022-04-10 20:22:00,62
2022-04-10 20:23:00,62
2022-04-10 20:24:00,61
2022-04-10 20:25:00,62
2022-04-10 20:26:00,62
2022-04-10 20:27:00,62
2022-04-10 20:28:00,61
2022-04-10 20:29:00,62
2022-04-10 20:30:00,60
2022-04-10 20:31:00,63
2022-04-10 20:53:00,55
2022-04-10 20:54:00,61
2022-04-10 20:55:00,63
2022-04-10 20:56:00,62
2022-04-10 20:57:00,61
2022-04-10 20:58:00,62
2022-04-10 20:59:00,60
2022-04-10 21:00:00,58
2022-04-10 21:01:00,59
2022-04-10 21:02:00,60
2022-04-10 21:03:00,61
2022-04-10 21:04:00,62
2022-04-10 21:05:00,58
2022-04-10 21:06:00,58
2022-04-10 21:07:00,57
2022-04-10 21:08:00,58
2022-04-10 21:09:00,57
2022-04-10 21:10:00,56
2022-04-10 21:11:00,55
2022-04-10 21:32:00,57
2022-04-10 21:33:00,56
2022-04-10 21:34:00,60
2022-04-10 21:35:00,55
2022-04-10 21:36:00,61
2022-04-10 21:37:00,59
2022-04-10 21:38:00,59
2022-04-10 21:39:00,56
2022-04-10 21:40:00,57
2022-04-10 21:42:00,55
2022-04-10 21:43:00,61
2022-04-10 21:44:00,58
2022-04-10 21:45:00,54
2022-04-10 21:46:00,55
2022-04-10 21:47:00,58
2022-04-10 21:48:00,57
2022-04-10 21:49:00,59
2022-04-10 21:50:00,61
2022-04-10 21:51:00,59
2022-04-10 21:52:00,58
2022-04-10 21:53:00,59
2022-04-10 21:54:00,51
2022-04-10 21:55:00,59
2022-04-10 21:56:00,57
2022-04-10 21:57:00,59
2022-04-10 21:58:00,56
2022-04-10 21:59:00,60
2022-04-10 22:00:00,60
2022-04-10 22:01:00,57
2022-04-10 22:02:00,54
2022-04-10 22:03:00,59
2022-04-10 22:04:00,57
2022-04-10 22:05:00,60
2022-04-10 22:06:00,57
2022-04-10 22:07:00,56
2022-04-10 22:08:00,58
2022-04-10 22:09:00,60
2022-04-10 22:10:00,60
2022-04-10 22:11:00,61
2022-04-10 22:22:00,57
2022-04-10 22:23:00,59
2022-04-10 22:24:00,57
2022-04-10 22:25:00,53
2022-04-10 22:26:00,60
2022-04-10 22:27:00,51
2022-04-10 22:28:00,58
2022-04-10 22:29:00,58
2022-04-10 22:30:00,56
2022-04-10 22:31:00,58
2022-04-10 22:43:00,60
2022-04-10 22:44:00,62
2022-04-10 22:45:00,59
2022-04-10 22:46:00,59
2022-04-10 22:47:00,58
2022-04-10 22:48:00,59
2022-04-10 22:49:00,60
2022-04-10 22:50:00,62
2022-04-10 22:51:00,60
2022-04-10 22:52:00,59
2022-04-10 23:02:00,58
2022-04-10 23:03:00,56
2022-04-10 23:04:00,58
2022-04-10 23:05:00,59
2022-04-10 23:06:00,57
2022-04-10 23:07:00,52
2022-04-10 23:08:00,56
2022-04-10 23:09:00,57
2022-04-10 23:10:00,58
2022-04-10 23:11:00,57
2022-04-10 23:22:00,56
2022-04-10 23:23:00,58
2022-04-10 23:24:00,51
2022-04-10 23:25:00,57
2022-04-10 23:26:00,55
2022-04-10 23:27:00,51
2022-04-10 23:28:00,54
2022-04-10 23:29:00,56
2022-04-10 23:30:00,57
2022-04-10 23:31:00,54
2022-04-10 23:32:00,54
2022-04-10 23:33:00,57
2022-04-10 23:34:00,54
2022-04-10 23:35:00,52
2022-04-10 23:36:00,53
2022-04-10 23:37:00,56
2022-04-10 23:38:00,57
2022-04-10 23:39:00,52
2022-04-10 23:41:00,49
2022-04-10 23:42:00,52
2022-04-10 23:43:00,56
2022-04-10 23:44:00,55
2022-04-10 23:45:00,54
2022-04-10 23:46:00,51
2022-04-10 23:47:00,54
2022-04-10 23:48:00,48
2022-04-10 23:49:00,53
2022-04-10 23:50:00,56
2022-04-10 23:51:00,55
2022-04-10 23:52:00,56
2022-04-10 23:53:00,53
2022-04-10 23:54:00,55
2022-04-10 23:55:00,54
2022-04-10 23:56:00,51
2022-04-10 23:57:00,54
2022-04-10 23:58:00,52
2022-04-10 23:59:00,54
2022-04-11 00:00:00,51
2022-04-11 00:01:00,56
2022-04-11 00:12:00,54
2022-04-11 00:13:00,51
2022-04-11 00:14:00,52
2022-04-11 00:15:00,50
2022-04-11 00:16:00,54
2022-04-11 00:17:00,55
2022-04-11 00:18:00,53
2022-04-11 00:19:00,52
2022-04-11 00:20:00,53
2022-04-11 00:21:00,50
2022-04-11 00:22:00,53
2022-04-11 00:23:00,54
2022-04-11 00:24:00,57
2022-04-11 00:25:00,54
2022-04-11 00:26:00,49
2022-04-11 00:27:00,53
2022-04-11 00:28:00,51
2022-04-11 00:29:00,55
2022-04-11 00:30:00,53
2022-04-11 00:31:00,53
2022-04-11 00:53:00,51
2022-04-11 00:54:00,52
2022-04-11 00:55:00,53
2022-04-11 00:56:00,54
2022-04-11 00:57:00,50
2022-04-11 00:58:00,53
2022-04-11 00:59:00,56
2022-04-11 01:00:00,51
2022-04-11 01:01:00,54
2022-04-11 01:12:00,52
2022-04-11 01:13:00,55
2022-04-11 01:14:00,52
2022-04-11 01:15:00,53
2022-04-11 01:16:00,55
2022-04-11 01:17:00,55
2022-04-11 01:18:00,53
2022-04-11 01:19:00,48
2022-04-11 01:20:00,50
2022-04-11 01:21:00,54
2022-04-11 01:43:00,55
2022-04-11 01:44:00,53
2022-04-11 01:45:00,57
2022-04-11 01:46:00,56
2022-04-11 01:47:00,51
2022-04-11 01:48:00,49
2022-04-11 01:49:00,51
2022-04-11 01:50:00,51
2022-04-11 01:51:00,56
2022-04-11 01:52:00,53
2022-04-11 05:02:00,53
2022-04-11 05:03:00,54
2022-04-11 05:04:00,58
2022-04-11 05:05:00,59
2022-04-11 05:06:00,54
2022-04-11 05:07:00,53
2022-04-11 05:08:00,54
2022-04-11 05:09:00,55
2022-04-11 05:10:00,52
2022-04-11 05:11:00,51
2022-04-11 05:22:00,56
2022-04-11 05:23:00,57
2022-04-11 05:24:00,56
2022-04-11 05:25:00,54
2022-04-11 05:26:00,53
2022-04-11 05:27:00,57
2022-04-11 05:28:00,58
2022-04-11 05:29:00,58
2022-04-11 05:30:00,58
2022-04-11 05:31:00,57
2022-04-11 05:32:00,53
2022-04-11 05:33:00,55
2022-04-11 05:34:00,54
2022-04-11 05:35:00,56
2022-04-11 05:36:00,57
2022-04-11 05:37:00,59
2022-04-11 05:38:00,52
2022-04-11 05:40:00,51
2022-04-11 05:41:00,53
2022-04-11 05:41:00,58
2022-04-11 06:12:00,55
2022-04-11 06:13:00,58
2022-04-11 06:14:00,57
2022-04-11 06:15:00,58
2022-04-11 06:16:00,63
2022-04-11 06:17:00,60
2022-04-11 06:18:00,58
2022-04-11 06:19:00,56
2022-04-11 06:20:00,56
2022-04-11 06:21:00,61
2022-04-11 06:22:00,59
2022-04-11 06:23:00,62
2022-04-11 06:24:00,59
2022-04-11 06:25:00,59
2022-04-11 06:26:00,55
2022-04-11 06:27:00,56
2022-04-11 06:28:00,57
2022-04-11 06:29:00,59
2022-04-11 06:30:00,61
2022-04-11 06:31:00,58
2022-04-11 07:03:00,63
2022-04-11 07:04:00,62
2022-04-11 07:05:00,61
2022-04-11 07:06:00,61
2022-04-11 07:07:00,66
2022-04-11 07:08:00,61
2022-04-11 07:09:00,64
2022-04-11 07:10:00,63
2022-04-11 07:11:00,58
2022-04-11 07:12:00,64
2022-04-11 07:13:00,65
2022-04-11 07:14:00,57
2022-04-11 07:15:00,64
2022-04-11 07:16:00,65
2022-04-11 07:17:00,63
2022-04-11 07:18:00,64
2022-04-11 07:19:00,66
2022-04-11 07:20:00,64
2022-04-11 07:21:00,62
2022-04-11 08:03:00,67
2022-04-11 08:04:00,65
2022-04-11 08:05:00,64
2022-04-11 08:06:00,65
2022-04-11 08:07:00,67
2022-04-11 08:08:00,63
2022-04-11 08:09:00,68
2022-04-11 08:10:00,69
2022-04-11 08:11:00,65
2022-04-11 08:22:00,66
2022-04-11 08:23:00,63
2022-04-11 08:24:00,66
2022-04-11 08:25:00,65
2022-04-11 08:26:00,64
2022-04-11 08:27:00,65
2022-04-11 08:28:00,66
2022-04-11 08:29:00,65
2022-04-11 08:30:00,65
2022-04-11 08:31:00,66
2022-04-11 08:32:00,65
2022-04-11 08:33:00,63
2022-04-11 08:34:00,65
2022-04-11 08:35:00,67
2022-04-11 08:36:00,64
2022-04-11 08:38:00,66
2022-04-11 08:39:00,66
2022-04-11 08:41:00,66
2022-04-11 08:42:00,63
2022-04-11 08:42:00,67
2022-04-11 08:43:00,68
2022-04-11 08:44:00,68
2022-04-11 08:46:00,60
2022-04-11 08:47:00,65
2022-04-11 08:47:00,66
2022-04-11 08:49:00,62
2022-04-11 08:50:00,65
2022-04-11 08:51:00,65
2022-04-11 08:52:00,61
2022-04-11 08:53:00,63
2022-04-11 08:54:00,66
2022-04-11 08:55:00,64
2022-04-11 08:56:00,64
2022-04-11 08:57:00,66
2022-04-11 08:58:00,63
2022-04-11 08:59:00,68
2022-04-11 09:00:00,66
2022-04-11 09:01:00,65
2022-04-11 09:02:00,64
2022-04-11 09:53:00,63
2022-04-11 09:54:00,66
2022-04-11 09:55:00,63
2022-04-11 09:56:00,62
2022-04-11 09:57:00,64
2022-04-11 09:58:00,64
2022-04-11 09:59:00,62
2022-04-11 10:00:00,65
2022-04-11 10:01:00,63
2022-04-11 10:02:00,62
2022-04-11 10:12:00,65
2022-04-11 10:13:00,66
2022-04-11 10:14:00,65
2022-04-11 10:15:00,64
2022-04-11 10:16:00,65
2022-04-11 10:17:00,62
2022-04-11 10:18:00,64
2022-04-11 10:19:00,64
2022-04-11 10:20:00,62
2022-04-11 10:21:00,62
2022-04-11 10:22:00,65
2022-04-11 10:23:00,64
2022-04-11 10:24:00,66
2022-04-11 10:25:00,67
2022-04-11 10:26:00,63
2022-04-11 10:27:00,62
2022-04-11 10:28:00,64
2022-04-11 10:29:00,62
2022-04-11 10:30:00,63
2022-04-11 10:31:00,66
2022-04-11 15:03:00,68
2022-04-11 15:04:00,66
2022-04-11 15:05:00,67
2022-04-11 15:06:00,73
2022-04-11 15:07:00,72
2022-04-11 15:08:00,67
2022-04-11 15:09:00,67
2022-04-11 15:10:00,65
2022-04-11 15:11:00,63
2022-04-11 15:12:00,63
2022-04-11 15:13:00,66
2022-04-11 15:14:00,61
2022-04-11 15:15:00,66
2022-04-11 15:16:00,69
2022-04-11 15:17:00,70
2022-04-11 15:18:00,76
2022-04-11 15:19:00,70
2022-04-11 15:20:00,68
2022-04-11 15:21:00,70
2022-04-11 15:43:00,66
2022-04-11 15:44:00,71
2022-04-11 15:45:00,78
2022-04-11 15:46:00,73
2022-04-11 15:47:00,68
2022-04-11 15:48:00,66
2022-04-11 15:49:00,72
2022-04-11 15:50:00,71
2022-04-11 15:51:00,73
2022-04-11 15:52:00,79
2022-04-11 16:22:00,68
2022-04-11 16:23:00,64
2022-04-11 16:24:00,70
2022-04-11 16:25:00,75
2022-04-11 16:26:00,66
2022-04-11 16:27:00,64
2022-04-11 16:28:00,65
2022-04-11 16:29:00,64
2022-04-11 16:30:00,63
2022-04-11 16:31:00,67
2022-04-11 17:57:00,70
2022-04-11 17:58:00,65
2022-04-11 17:59:00,63
2022-04-11 18:00:00,66
2022-04-11 18:01:00,65
2022-04-11 18:02:00,66
2022-04-11 18:03:00,62
2022-04-11 18:04:00,66
2022-04-11 18:05:00,64
2022-04-11 18:06:00,63
2022-04-11 18:07:00,70
2022-04-11 18:08:00,69
2022-04-11 18:09:00,69
2022-04-11 18:10:00,68
2022-04-11 18:11:00,69
2022-04-11 18:12:00,67
2022-04-11 18:14:00,74
2022-04-11 18:15:00,69
2022-04-11 18:16:00,69
2022-04-11 18:17:00,68
2022-04-11 18:18:00,65
2022-04-11 18:19:00,64
2022-04-11 18:20:00,69
2022-04-11 18:21:00,68
2022-04-11 18:22:00,64
2022-04-11 18:23:00,65
2022-04-11 18:24:00,66
2022-04-11 18:25:00,65
2022-04-11 18:26:00,66
2022-04-11 18:27:00,65
2022-04-11 18:47:00,66
2022-04-11 18:48:00,66
2022-04-11 18:49:00,66
2022-04-11 18:50:00,66
2022-04-11 18:51:00,69
2022-04-11 18:52:00,65
2022-04-11 18:53:00,64
2022-04-11 18:54:00,69
2022-04-11 18:55:00,64
2022-04-11 18:56:00,63
2022-04-11 19:07:00,66
2022-04-11 19:08:00,64
2022-04-11 19:09:00,65
2022-04-11 19:10:00,65
2022-04-11 19:11:00,68
2022-04-11 19:13:00,63
2022-04-11 19:14:00,67
2022-04-11 19:15:00,68
2022-04-11 19:16:00,73
2022-04-11 19:17:00,66
2022-04-11 19:28:00,63
2022-04-11 19:29:00,62
2022-04-11 19:30:00,64
2022-04-11 19:31:00,70
2022-04-11 19:32:00,66
2022-04-11 19:33:00,64
2022-04-11 19:34:00,62
2022-04-11 19:35:00,65
2022-04-11 19:36:00,65
2022-04-11 19:37:00,66
2022-04-11 19:38:00,59
2022-04-11 19:39:00,61
2022-04-11 19:40:00,63
2022-04-11 19:41:00,62
2022-04-11 19:42:00,64
2022-04-11 19:43:00,65
2022-04-11 19:44:00,62
2022-04-11 19:45:00,62
2022-04-11 19:46:00,65
2022-04-11 19:57:00,60
2022-04-11 19:58:00,65
2022-04-11 19:59:00,63
2022-04-11 20:00:00,62
2022-04-11 20:01:00,61
2022-04-11 20:02:00,62
2022-04-11 20:03:00,65
2022-04-11 20:04:00,63
2022-04-11 20:05:00,65
2022-04-11 20:06:00,65
2022-04-11 20:07:00,62
2022-04-11 20:08:00,62
2022-04-11 20:09:00,63
2022-04-11 20:10:00,61
2022-04-11 20:11:00,62
2022-04-11 20:12:00,61
2022-04-11 20:14:00,63
2022-04-11 20:15:00,63
2022-04-11 20:16:00,59
2022-04-11 20:17:00,61
2022-04-11 23:47:00,54
2022-04-11 23:48:00,55
2022-04-11 23:49:00,51
2022-04-11 23:50:00,49
2022-04-11 23:51:00,51
2022-04-11 23:52:00,52
2022-04-11 23:53:00,56
2022-04-11 23:54:00,50
2022-04-11 23:55:00,55
2022-04-11 23:56:00,54
2022-04-11 23:57:00,50
2022-04-11 23:58:00,52
2022-04-11 23:59:00,54

